ID;Название;Статус;Стартовая;Текущая;Ставок;Категория;Картинки
413;Светильник-ночник.;ENDED;150.00;0.00;0;Остальное;[]
6235;Штаны тёплые офицерские, СССР;ENDED;500.00;0.00;0;Разное (трудноопределимые предметы и фрагменты);[]
13265;Автоакустика Pioneer TS1660 90W;ENDED;2000.00;0.00;0;Разное (трудноопределимые предметы и фрагменты);[]
18935;кара бешлык Шахин Гирея;ENDED;150.00;0.00;0;Восточные;[]
18963;бешлык Шахин Гирея-2;ENDED;400.00;0.00;0;Восточные;[]
30767;Фотоаппарат \&quot;Любитель\&quot;;ENDED;800.00;0.00;0;Оптика (бинокли, линзы, монокли и проч.);[]
30979;Амулет-топорик;ENDED;900.00;0.00;0;Христианская металлопластика 14-19вв;[]
32253;Карл 10;ENDED;1200.00;0.00;0;Настольные медали;[]
32254;Перечекан 5 копеек 1763 год;ENDED;7400.00;0.00;0;Имперские (Россия);[]
32266;памятный жетон;ENDED;3000.00;0.00;0;Государственные награды Россйской Империи  (ордена, кресты, медали);[]
32267;Памятная медаль;ENDED;1300.00;0.00;0;Государственные награды Россйской Империи  (ордена, кресты, медали);[]
32269;Памятная медаль;ENDED;2999.00;0.00;0;Государственные награды Россйской Империи  (ордена, кресты, медали);[]
32670;Скифское бронзовое изделие;ENDED;500.00;0.00;0;Металлопластика античная;[]
32717;печать 4;ENDED;250.00;0.00;0;Металлопластика средневековая,  восточные предметы до 1917г;[]
32796;Мунке каан;ENDED;800.00;0.00;0;Восточные;[]
32850;Скифский дротик &#40;небольшое копьё&#41;;ENDED;2000.00;0.00;0;Металлопластика античная;[]
32984;Денга и полушка Екатерины II;ENDED;500.00;0.00;0;Имперские (Россия);[]
32986;Римская монета;ENDED;500.00;0.00;0;Античные монеты;[]
32987;Античная бронза;ENDED;600.00;0.00;0;Металлопластика античная;[]
32989;Скифский рабочий топор;ENDED;2000.00;0.00;0;Металлопластика античная;[]
33050;2 Пфенинга 1680г&#40;Леопольд 1&#41;;ENDED;1000.00;0.00;0;Германия;[]
33068;5 копеек 1860 г.;ENDED;500.00;0.00;0;Имперские (Россия);[]
33084;лепта ПАNTI;ENDED;1800.00;0.00;0;Античные монеты;[]
33090;Антика;ENDED;1500.00;0.00;0;Металлопластика античная;[]
33144;2 пятака  Eлизаветы II;ENDED;600.00;0.00;0;Имперские (Россия);[]
33167;2 копейки Екатерины 2 &#40;1763&#41;;ENDED;300.00;0.00;0;Имперские (Россия);[]
33168;2 копейки Елизаветы 2 &#40;1757&#41;;ENDED;300.00;0.00;0;Имперские (Россия);[]
33169;Комплект монет «Серебром»;ENDED;800.00;0.00;0;Имперские (Россия);[]
33203;Весовая гирька;ENDED;200.00;0.00;0;Металлопластика средневековая,  восточные предметы до 1917г;[]
33204;Акинак &#40;короткий скифский меч&#41;;ENDED;3000.00;0.00;0;Металлопластика античная;[]
33205;20 копеек времён ВОВ;ENDED;500.00;0.00;0;Россия и СССР;[]
33206;Топор Царских времен;ENDED;1500.00;0.00;0;Металлопластика средневековая,  восточные предметы до 1917г;[]
33342;1/2 копейки 2 шт;ENDED;200.00;0.00;0;Имперские (Россия);[]
33384;вставки перстней;ENDED;300.00;0.00;0;Перстни и кольца;[]
33391;2 и 3 копейки 1911 г. &#40;Николай II&#41;;ENDED;150.00;0.00;0;Имперские (Россия);[]
33396;Копейка Шахин Гирея &#40;4 год правления&#41;;ENDED;1000.00;0.00;0;Восточные;[]
33402;1 крейцер Фердинант Карел Австрийский &#40;1642-1667 гг.&#41;;ENDED;700.00;0.00;0;Средневековые (Европа);[]
33437;СССР;ENDED;1000.00;0.00;0;Россия и СССР;[]
33463;Наконечники бронзовые;ENDED;1000.00;0.00;0;Металлопластика античная;[]
33475;Крым.Гираи;ENDED;900.00;0.00;0;Восточные;[]
33520;Полторак 1622 г.;ENDED;200.00;0.00;0;Восточные;[]
33528;Кистень;ENDED;500.00;0.00;0;Металлопластика античная;[]
33749;6 монет;ENDED;1499.00;0.00;0;Античные монеты;[]
33875;О&#41; 2 коп и деньга.;ENDED;150.00;150.00;1;Имперские (Россия);[]
33876;О&#41; 3 коп 1906 г и 5 коп 1868 г;ENDED;100.00;0.00;0;Имперские (Россия);[]
34028;Крестик;ENDED;199.00;0.00;0;Христианская металлопластика 14-19вв;[]
34129;Пулы Золотой Орды;ENDED;500.00;0.00;0;Восточные;[]
34130;Османские монеты &#40;Пара&#41;;ENDED;600.00;0.00;0;Восточные;[]
34241;Один Луиджино &#40;Италия&#41; 1667 г.;ENDED;2500.00;0.00;0;Средневековые (Европа);[]
34243;1 Грош Молдавского княжества &#40;14-15 вв.&#41;;ENDED;500.00;500.00;1;Средневековые (Европа);[]
34272;5 копеек &#40;1940 г.&#41;;ENDED;200.00;0.00;0;Россия и СССР;[]
34273;5 копеек &#40;1932 г.&#41;;ENDED;200.00;0.00;0;Россия и СССР;[]
34274;Две двушки 1820 г и 1821 г &#40;К.М.&#41;;ENDED;400.00;0.00;0;Имперские (Россия);[]
34467;Бронзовый скифский наносник;ENDED;1500.00;0.00;0;Металлопластика античная;[]
34482;Подкурковая скоба;ENDED;300.00;0.00;0;Металлопластика средневековая,  восточные предметы до 1917г;[]
34528;Скифский амулет-топорик;ENDED;200.00;0.00;0;Металлопластика античная;[]
34650;О&#41; Металлопластика.;ENDED;400.00;0.00;0;Металлопластика античная;[]
34656;Печать 18 в. &#40;1&#41;;ENDED;1500.00;0.00;0;Металлопластика средневековая,  восточные предметы до 1917г;[]
34657;Печать 18 в &#40;2&#41;;ENDED;1700.00;0.00;0;Металлопластика средневековая,  восточные предметы до 1917г;[]
34811;клеймо Херсонес;ENDED;1500.00;0.00;0;Античная и средневековая керамика, стекло;[]
34855;Наконечники от стрел;ENDED;1000.00;0.00;0;Металлопластика античная;[]
34913;Автоматическая шариковая ручка из оригинальных патронов Mauser;ENDED;1299.00;0.00;0;Продажа по фиксированной цене.;[]
34914;Юбилейная памятная автоматическая шариковая ручка из патронов;ENDED;1999.00;0.00;0;Продажа по фиксированной цене.;[]
34915;Подарочная автоматическая шариковая ручка из патронов \&quot;ОХОТНИК\&;ENDED;1499.00;0.00;0;Продажа по фиксированной цене.;[]
34916;Автоматическая шариковая ручка из патронов \&quot;308 калибр\&quot; v2;ENDED;999.00;0.00;0;Продажа по фиксированной цене.;[]
35005;Бронзовый наконечник-площик;ENDED;500.00;0.00;0;Металлопластика античная;[]
35153;7 античных ножей;ENDED;1999.00;0.00;0;Металлопластика античная;[]
35189;Вт&#41; конёк. Лепта.;ENDED;500.00;0.00;0;Античные монеты;[]
35217;Вт&#41; Горит.;ENDED;300.00;300.00;1;Античные монеты;[]
35229;5 копеек 1941г;ENDED;150.00;0.00;0;Россия и СССР;[]
35252;5 копеек 1879 г.;ENDED;500.00;0.00;0;Имперские (Россия);[]
35258;///10 копеек 1915 г.///;ENDED;250.00;0.00;0;Имперские (Россия);[]
35291;Серебряная металлопластика;ENDED;1500.00;0.00;0;Металлопластика средневековая,  восточные предметы до 1917г;[]
35292;3 гроша  Сигизмунда 3 &#40;1610 г.,Фальшак&#41;;ENDED;500.00;0.00;0;Средневековые (Европа);[]
35307;5 копеек 1938 г.;ENDED;300.00;0.00;0;Россия и СССР;[]
35309;10 копеек 1945 г.;ENDED;500.00;0.00;0;Россия и СССР;[]
35314;Блиндажная лампа-коптилка из Американской гильзы.;ENDED;900.00;0.00;0;Предметы старины не относящиеся к вышестоящим темам ;[]
35320;подсвечник 3.;ENDED;200.00;0.00;0;Металлопластика средневековая,  восточные предметы до 1917г;[]
35325;Грузила античные керамика.;ENDED;1300.00;0.00;0;Металлопластика средневековая,  восточные предметы до 1917г;[]
35327;античное.;ENDED;550.00;0.00;0;Античная и средневековая керамика, стекло;[]
35328;пуги- гирьки;ENDED;999.00;0.00;0;Металлопластика средневековая,  восточные предметы до 1917г;[]
35349;3 копейки СССР;ENDED;600.00;0.00;0;Россия и СССР;[]
35350;5 копеек СССР;ENDED;300.00;0.00;0;Россия и СССР;[]
35352; копейки 1924 СССР;ENDED;550.00;0.00;0;Россия и СССР;[]
35353; копейки 1924 и пол-коп СССР;ENDED;550.00;0.00;0;Россия и СССР;[]
35354;2 копейки  СССР;ENDED;550.00;0.00;0;Россия и СССР;[]
35356;10 копеек  СССР;ENDED;1000.00;0.00;0;Россия и СССР;[]
35361;50 копеек 24-25 год  СССР &#40;пл&#41;;ENDED;1100.00;0.00;0;Россия и СССР;[]
35363;10 копеек   СССР билон;ENDED;800.00;0.00;0;Россия и СССР;[]
35364;10,15,20 копеек   СССР билон 1923.;ENDED;600.00;0.00;0;Россия и СССР;[]
35365;Царское серебро  .;ENDED;1200.00;0.00;0;Имперские (Россия);[]
35369;значки СССР  корабли разные;ENDED;550.00;0.00;0;Фалеристика СССР;[]
35373;значки СССР ГТО;ENDED;600.00;0.00;0;Фалеристика СССР;[]
35374;значки СССР гербы.города разные;ENDED;1100.00;0.00;0;Фалеристика СССР;[]
35381;значки СССР . разные;ENDED;500.00;0.00;0;Фалеристика СССР;[]
35386;значки СССР . города герои;ENDED;550.00;0.00;0;Фалеристика СССР;[]
35390;5 копеек 1924 г. &#40;в родной патине&#41;;ENDED;200.00;0.00;0;Россия и СССР;[]
35391;Бешлык Шахин Гирея БРАК &#40;двойной надчикан, с переворотом;ENDED;200.00;0.00;0;Восточные;[]
35402;значки СССР.Чемпионат мира по хоккею. Москва 1979 год.;ENDED;800.00;0.00;0;Фалеристика СССР;[]
35403;50 копеек СССР 50 шт.;ENDED;500.00;0.00;0;Россия и СССР;[]
35407;крестики тельные;ENDED;1100.00;0.00;0;Металлопластика средневековая,  восточные предметы до 1917г;[]
35422;Чекре Орду Муаззам;ENDED;650.00;0.00;0;Восточные;[]
35439;О&#41; Горит. 9;ENDED;300.00;0.00;0;Античные монеты;[]
35440;14 гренада;ENDED;100.00;0.00;0;Всё по Крымской Войне 1853-1856гг;[]
35472;О&#41; Грифон. 1;ENDED;500.00;0.00;0;Античные монеты;[]
35491;Гемиобол;ENDED;3500.00;0.00;0;Античные монеты;[]
35513;фибулы;ENDED;2500.00;0.00;0;Металлопластика античная;[]
35514;кольцо засеянное поле;ENDED;500.00;0.00;0;Античная и средневековая керамика, стекло;[]
35516;кокарда РИА.;ENDED;350.00;0.00;0;Государственные награды Россйской Империи  (ордена, кресты, медали);[]
35517;медаль настольная СССР;ENDED;400.00;0.00;0;Фалеристика СССР;[]
35518;монеты разные;ENDED;400.00;0.00;0;Монеты мира (современные);[]
35519;1,2,5 копеек СССР 1937 год;ENDED;450.00;0.00;0;Россия и СССР;[]
35520;Деревянные пасхальные яйца 50-годов;ENDED;1100.00;0.00;0;Керамика, фарфор, стекло (предметы декоративно-прикладного искусства, посуда);[]
35522;Атичная монета;ENDED;500.00;0.00;0;Античные монеты;[]
35523;Античные монеты;ENDED;500.00;0.00;0;Античные монеты;[]
35524;Колт &#40;височное украшение&#41;;ENDED;12000.00;0.00;0;Металлопластика античная;[]
35526;каталог крестов-подвесок Х-ХV Веков;ENDED;2900.00;0.00;0;Литература в помощь коллекционеру (научные издания, каталоги, аукционные каталоги, искусствоведение и пр.);[]
35537;Игрушки из Ссср;ENDED;2100.00;0.00;0;Игрушки (солдатики, машинки, пистолеты, автоматы, куклы и проч.);[]
35542;дева-грифон  ФIΛIΣ;ENDED;5000.00;0.00;0;Античные монеты;[]
35545;10 копеек 1940 года &#40;не частая&#41;;ENDED;300.00;0.00;0;Россия и СССР;[]
35547;2 копейки 1935 года &#40;не частая&#41;;ENDED;250.00;0.00;0;Россия и СССР;[]
35557;О&#41; Горит. 2;ENDED;300.00;0.00;0;Античные монеты;[]
35590;Сбруйные бляшки;ENDED;800.00;0.00;0;Металлопластика средневековая,  восточные предметы до 1917г;[]
35591;Ордынские наконечники;ENDED;1200.00;0.00;0;Металлопластика античная;[]
35592;Ордынские наконечники;ENDED;1500.00;0.00;0;Металлопластика античная;[]
35595;медаль настольная СССР;ENDED;400.00;0.00;0;Фалеристика СССР;[]
35602;Ременные застежки &amp; Набойки на обувь;ENDED;400.00;0.00;0;Металлопластика средневековая,  восточные предметы до 1917г;[]
35633;Ременной набор К.Х 16-17века;ENDED;300.00;0.00;0;Металлопластика средневековая,  восточные предметы до 1917г;[]
35663;Медь восточн. &#40;2&#41;;ENDED;350.00;0.00;0;Восточные;[]
35688;ТРАПЕЗУНД;ENDED;120.00;0.00;0;Восточные;[]
35690;подражание турецкому мангиру;ENDED;50.00;0.00;0;Восточные;[]
35692;2 монеты средневек. Молдавии;ENDED;150.00;0.00;0;Восточные;[]
35720;Статуэтка \&quot;Овчарка\&quot;;ENDED;3000.00;0.00;0;Произведения декоративно-прикладного искусства;[]
35746;Металлопластика &#40;1&#41;;ENDED;450.00;0.00;0;Металлопластика античная;[]
35747;Пряжки;ENDED;400.00;0.00;0;Металлопластика античная;[]
35748;Металлопластика &#40;2&#41;;ENDED;400.00;0.00;0;Металлопластика античная;[]
35760;Данг. Джалал ад-Дин хан. Азак;ENDED;1400.00;0.00;0;Восточные;[]
35772;Площадка печати &#40;1&#41;;ENDED;900.00;0.00;0;Металлопластика средневековая,  восточные предметы до 1917г;[]
35773;Площадка печати &#40;2&#41;;ENDED;800.00;0.00;0;Металлопластика средневековая,  восточные предметы до 1917г;[]
35776;Дирхемы Хана Узбека с надч. &#40;2&#41;;ENDED;300.00;0.00;0;Восточные;[]
35803;Пулы с надчеканом;ENDED;500.00;0.00;0;Восточные;[]
35832;Автоматическая шариковая ручка из оригинальных патронов калибра 30-06 ;ENDED;1299.00;0.00;0;Продажа по фиксированной цене.;[]
35840;Пуговицы разные;ENDED;200.00;0.00;0;Филобутонистика (пуговицы, пряжки);[]
35862;значки ссср.;ENDED;500.99;0.00;0;Фалеристика СССР;[]
35869;Фолис Константина 2;ENDED;200.00;0.00;0;Античные монеты;[]
35872;пулы З.О. с зверями;ENDED;300.00;0.00;0;Восточные;[]
35874;Пул тамга &#40;1&#41;;ENDED;200.00;0.00;0;Восточные;[]
35888;подсвечник настенный.;ENDED;555.00;0.00;0;Бронза, чугун, изделия из металлов.;[]
35950;Ва&#41; Лев. Тетрахалк.;ENDED;350.00;0.00;0;Античные монеты;[]
35965;Коса-серп хазары;ENDED;300.00;0.00;0;Металлопластика средневековая,  восточные предметы до 1917г;[]
35974;Денга Шахин гирей;ENDED;400.00;0.00;0;Восточные;[]
35990;Дирхем;ENDED;999.00;0.00;0;Восточные;[]
35992;монеты СССР подборка;ENDED;1100.00;0.00;0;Россия и СССР;[]
35995;Бусы колье слоновая кость.дерево эбэн;ENDED;0.00;0.00;0;Произведения декоративно-прикладного искусства;[]
35996;шкатулка камень;ENDED;1200.00;0.00;0;Произведения декоративно-прикладного искусства;[]
35998;Генуя;ENDED;300.00;320.00;3;Восточные;[]
36013;Мон. Византии &#40;2&#41;;ENDED;800.00;0.00;0;Античные монеты;[]
36021;Колечко 14 век;ENDED;500.00;500.00;1;Перстни и кольца;[]
36031;Нож с клеймом звезды;ENDED;100.00;0.00;0;Металлопластика средневековая,  восточные предметы до 1917г;[]
36032;Нож складной немецкий;ENDED;100.00;0.00;0;Остальное;[]
36075;5 копеек Масоны &#40;1832 г.&#41;;ENDED;500.00;0.00;0;Имперские (Россия);[]
36077;О&#41; 3 Чешуи.;ENDED;100.00;0.00;0;Имперские (Россия);[]
36080;Фолларо и Аспр +;ENDED;600.00;0.00;0;Восточные;[]
36083;Верина;ENDED;3500.00;0.00;0;Античные монеты;[]
36084;античные и средневековые бусы Глазатки;ENDED;2500.00;0.00;0;Античная и средневековая керамика, стекло;[]
36086;античные  бусы Сердолик &#40;камень&#41; 39 штук;ENDED;2500.00;0.00;0;Античная и средневековая керамика, стекло;[]
36105;Скифские бусины &#40;Холцедон&#41; крупные;ENDED;1200.00;0.00;0;Античная и средневековая керамика, стекло;[]
36106;Античные бусины &#40;Горный Хрусталь&#41;;ENDED;2000.00;0.00;0;Античная и средневековая керамика, стекло;[]
36110;Монета Византии;ENDED;300.00;0.00;0;Античные монеты;[]
36112;В&#41; Лев. Гемиобол. Апол.;ENDED;2000.00;0.00;0;Античные монеты;[]
36118;Две Копейки Елизаветы 1757 года;ENDED;650.00;0.00;0;Имперские (Россия);[]
36120;Брелок из паракорда для ключей - ОНИ СРАЖАЛИСЬ ЗА РОДИНУ;ENDED;0.99;0.00;0;Продажа по фиксированной цене.;[]
36121;Брелок из паракорда для ключей - Парабеллум 9x19 мм 1941-1944;ENDED;0.99;0.00;0;Продажа по фиксированной цене.;[]
36123;Брелок из паракорда для ключей - Винчестер-Мосин 1940;ENDED;0.99;0.00;0;Продажа по фиксированной цене.;[]
36124;Темляк из паракорда для ножа - Ограниченная серия - 1957-1967;ENDED;0.99;0.00;0;Продажа по фиксированной цене.;[]
36125;Темляк из паракорда для ножа - Ограниченная серия - 1957-1958;ENDED;0.99;0.00;0;Продажа по фиксированной цене.;[]
36126;Темляк из паракорда для ножа - 16 августа 1945 года бои за Харбин, ТТ;ENDED;0.99;0.00;0;Продажа по фиксированной цене.;[]
36128;Темляк из паракорда для ножа \\;ENDED;0.99;0.00;0;Продажа по фиксированной цене.;[]
36130;Темляк из паракорда для ножа - Ограниченная серия - 1953;ENDED;0.99;0.00;0;Продажа по фиксированной цене.;[]
36131;Темляк из паракорда для ножа - Советско-финская война 1940, Винчестер-;ENDED;0.99;0.00;0;Продажа по фиксированной цене.;[]
36133;Темляк из паракорда для ножа - Парабеллум 9×19 мм 1942-1943;ENDED;0.99;0.00;0;Продажа по фиксированной цене.;[]
36143;Ключница с дверкой &#40;20х30&#41;;ENDED;1250.00;0.00;0;Произведения декоративно-прикладного искусства;[]
36144;подсвечники  СССР.;ENDED;1500.00;0.00;0;Произведения декоративно-прикладного искусства;[]
36184;подсвечник ПАЖ--СССР;ENDED;349.00;0.00;0;Керамика, фарфор, стекло (предметы декоративно-прикладного искусства, посуда);[]
36185;Подсвечник \\\&quot;СИНИЙ ВЕЧЕР\\\&quot;. Авт.Албух В.В. ЗХК ПОЛОННОЕ.;ENDED;699.00;0.00;0;Керамика, фарфор, стекло (предметы декоративно-прикладного искусства, посуда);[]
36186;подсвечник-Канделябр  Старинный.;ENDED;2000.00;0.00;0;Произведения декоративно-прикладного искусства;[]
36187;подсвечник-времен СССР.;ENDED;200.00;0.00;0;Произведения декоративно-прикладного искусства;[]
36188;подсвечники\&quot; Грифон\&quot;- времен СССР.;ENDED;1350.00;1350.00;1;Произведения декоративно-прикладного искусства;[]
36189;подсвечники маленькие;ENDED;200.00;0.00;0;Произведения декоративно-прикладного искусства;[]
36190;подсвечник настенный железо;ENDED;200.00;0.00;0;Произведения декоративно-прикладного искусства;[]
36191;подсвечник &#40; селенит гранит&#41;;ENDED;350.00;0.00;0;Произведения декоративно-прикладного искусства;[]
36193;3 копейки 1860 г.&#40;низкопрофильник&#41;;ENDED;400.00;0.00;0;Имперские (Россия);[]
36195;5 Копеек «Орел В Облаках» Елизаветы &#40;1757 Г.&#41;;ENDED;1600.00;0.00;0;Имперские (Россия);[]
36203;Старинный бронзовый подсвечник.малый;ENDED;750.00;0.00;0;Произведения декоративно-прикладного искусства;[]
36206; подсвечник СССР.;ENDED;250.00;0.00;0;Произведения декоративно-прикладного искусства;[]
36207;части алтарных подсвечников;ENDED;250.00;0.00;0;Христианская металлопластика 14-19вв;[]
36208;Ножницы для тушения свечи и снятия нагара.;ENDED;999.00;0.00;0;Христианская металлопластика 14-19вв;[]
36217;Мон. Трапезунда;ENDED;1500.00;0.00;0;Античные монеты;[]
36226;Перстень. крест;ENDED;200.00;200.00;1;Перстни и кольца;[]
36257; подсвечник бронза старинный 6;ENDED;1500.00;0.00;0;Произведения декоративно-прикладного искусства;[]
36258; подсвечник бронза старинный 5;ENDED;550.00;0.00;0;Произведения декоративно-прикладного искусства;[]
36260; подсвечник бронза старинный 8;ENDED;1500.00;0.00;0;Произведения декоративно-прикладного искусства;[]
36265;Немецкая каска &#40;реставрированная&#41;;ENDED;5000.00;0.00;0;Металлопластика средневековая,  восточные предметы до 1917г;[]
36271;Куфический дерхем;ENDED;500.00;0.00;0;Восточные;[]
36272;2 копейки 1758 год;ENDED;200.00;0.00;0;Имперские (Россия);[]
36274;5 копеек 1767 Е.М;ENDED;500.00;0.00;0;Имперские (Россия);[]
36275;5 копеек 1770 Е.М;ENDED;600.00;0.00;0;Имперские (Россия);[]
36276;5 копеек 1760 год;ENDED;800.00;0.00;0;Имперские (Россия);[]
36277;Крест нательный большой;ENDED;1000.00;0.00;0;Государственные награды Россйской Империи  (ордена, кресты, медали);[]
36278;2 копейки 1838 года;ENDED;350.00;0.00;0;Имперские (Россия);[]
36279;Перстень;ENDED;1000.00;0.00;0;Перстни и кольца;[]
36285;Денга лот;ENDED;550.00;0.00;0;Имперские (Россия);[]
36286;Денга;ENDED;150.00;0.00;0;Имперские (Россия);[]
36287;Копейка 1758;ENDED;350.00;0.00;0;Имперские (Россия);[]
36288;2 полушки;ENDED;500.00;0.00;0;Имперские (Россия);[]
36289;2 копейки 1883 года;ENDED;800.00;0.00;0;Имперские (Россия);[]
36291;Копейка 1795 года;ENDED;1000.00;0.00;0;Имперские (Россия);[]
36292;Копейка 1798 года;ENDED;550.00;0.00;0;Имперские (Россия);[]
36293;Полушка 1771 года;ENDED;555.00;0.00;0;Имперские (Россия);[]
36294;Полушка 1766 года;ENDED;350.00;0.00;0;Имперские (Россия);[]
36319;50 копеек 24- год  СССР &#40;пл-тр&#41;;ENDED;1100.00;0.00;0;Россия и СССР;[]
36382;Советы билон;ENDED;450.00;0.00;0;Россия и СССР;[]
36406;Копейка 1713 года;ENDED;700.00;0.00;0;Имперские (Россия);[]
36407;Денга 1710 года;ENDED;700.00;0.00;0;Имперские (Россия);[]
36408;Язычки от ремня &#40;серебро&#41;;ENDED;2500.00;0.00;0;Металлопластика средневековая,  восточные предметы до 1917г;[]
36409;Язычки от ремня &#40;серебро&#41;;ENDED;2500.00;0.00;0;Металлопластика средневековая,  восточные предметы до 1917г;[]
36410;Язычки от ремня &#40;серебро&#41;;ENDED;2500.00;0.00;0;Металлопластика средневековая,  восточные предметы до 1917г;[]
36411;2 копейки 1773 года;ENDED;850.00;0.00;0;Имперские (Россия);[]
36412;2 копейки 1788 года;ENDED;650.00;0.00;0;Имперские (Россия);[]
36432;Рубль 1896 года АГ;ENDED;5000.00;0.00;0;Имперские (Россия);[]
36434;  СССР до реформа;ENDED;500.00;0.00;0;Россия и СССР;[]
36444;5 копеек 1791 АМ;ENDED;800.00;0.00;0;Имперские (Россия);[]
36458;монеты СССР 2-кг;ENDED;1300.00;0.00;0;Россия и СССР;[]
36459;монеты Украины 1,6-кг;ENDED;1100.00;0.00;0;Россия и СССР;[]
36470;2 копейки 1763 спм пере чекан;ENDED;250.00;0.00;0;Имперские (Россия);[]
36476;30 копеек 2 злотых 1836 г.;ENDED;3000.00;0.00;0;Имперские (Россия);[]
36479;Монеты СССР 5шт.&#40;Билон&#41;;ENDED;250.00;250.00;1;Россия и СССР;[]
36491;мон. Медуза Горг;ENDED;250.00;0.00;0;Античные монеты;[]
36495;Пинцет;ENDED;150.00;0.00;0;Металлопластика средневековая,  восточные предметы до 1917г;[]
36501;Трапезунд Михаил;ENDED;250.00;0.00;0;Средневековые (Европа);[]
36520;Крымское ханство.Разное;ENDED;1000.00;0.00;0;Восточные;[]
36523;Брошка&#40;пчела&#41;посеребренная.;ENDED;350.00;350.00;1;Христианская металлопластика 14-19вв;[]
36530;5 копеек 1764  М.М;ENDED;1800.00;0.00;0;Имперские (Россия);[]
36532;2 копейки 1788 года ММ;ENDED;600.00;0.00;0;Имперские (Россия);[]
36533;3 копейки СССР 1924 года;ENDED;400.00;0.00;0;Россия и СССР;[]
36535; 1 рубль Карл Маркс;ENDED;400.00;0.00;0;Россия и СССР;[]
36536;1 рубль Менделеев;ENDED;400.00;0.00;0;Россия и СССР;[]
36537;1 рубль Фридрих Энгельс;ENDED;400.00;0.00;0;Россия и СССР;[]
36545;1 рубль Эминеску;ENDED;300.00;0.00;0;Россия и СССР;[]
36547;1 рубль Попов;ENDED;400.00;0.00;0;Россия и СССР;[]
36548;1 рубль Ленин в лучах;ENDED;500.00;0.00;0;Россия и СССР;[]
36549;1 рубль Ленин в галстуке;ENDED;400.00;0.00;0;Россия и СССР;[]
36551;1 рубль Ломоносов;ENDED;400.00;0.00;0;Россия и СССР;[]
36554;1 рубль Пушкин;ENDED;400.00;0.00;0;Россия и СССР;[]
36556;1 рубль Иван Федоров;ENDED;400.00;0.00;0;Россия и СССР;[]
36561;1 рубль Жуков;ENDED;450.00;0.00;0;Россия и СССР;[]
36562;5 рублей Регистан;ENDED;450.00;0.00;0;Россия и СССР;[]
36563;1 рубль 70 лет революции;ENDED;250.00;0.00;0;Россия и СССР;[]
36564;Олимпиада Факел;ENDED;300.00;0.00;0;Россия и СССР;[]
36567;Рим№3;ENDED;400.00;0.00;0;Античные монеты;[]
36568;Рим№4;ENDED;400.00;0.00;0;Античные монеты;[]
36569;Рим№5;ENDED;100.00;0.00;0;Античные монеты;[]
36579;рим;ENDED;500.00;0.00;0;Античные монеты;[]
36580;рим;ENDED;500.00;0.00;0;Античные монеты;[]
36584;Рубль 1947 года;ENDED;300.00;0.00;0;Боны (облигации, ценные бумаги);[]
36585;Рубль 1938 года;ENDED;400.00;0.00;0;Боны (облигации, ценные бумаги);[]
36587;100 рублей Чемпионат по Футболу;ENDED;250.00;0.00;0;Боны (облигации, ценные бумаги);[]
36590;500 рублей 1919;ENDED;300.00;300.00;1;Боны (облигации, ценные бумаги);[]
36591;1000 рублей 1919;ENDED;450.00;450.00;1;Боны (облигации, ценные бумаги);[]
36592;1000 рублей 1917 года;ENDED;150.00;150.00;1;Боны (облигации, ценные бумаги);[]
36593;100 рублей сочи;ENDED;300.00;0.00;0;Боны (облигации, ценные бумаги);[]
36594;100 рублей Крым;ENDED;200.00;0.00;0;Боны (облигации, ценные бумаги);[]
36595;Инает Герай Акче;ENDED;300.00;0.00;0;Восточные;[]
36596;Ислам 2 акче;ENDED;900.00;0.00;0;Восточные;[]
36613;2 копейки 1763 года;ENDED;300.00;0.00;0;Имперские (Россия);[]
36622;1 копейка 1925 год;ENDED;4000.00;0.00;0;Россия и СССР;[]
36623;Две редких монеты;ENDED;6800.00;0.00;0;Средневековые (Европа);[]
36627;2 пара 3 копейки 1772 г;ENDED;7000.00;0.00;0;Имперские (Россия);[]
36628;15 копеек 1942 год;ENDED;4000.00;0.00;0;Россия и СССР;[]
36629;Пара 3 денги;ENDED;3800.00;0.00;0;Имперские (Россия);[]
36630;Павловский перечекан;ENDED;3200.00;0.00;0;Имперские (Россия);[]
36631;10 копеек 1944 год;ENDED;2000.00;0.00;0;Россия и СССР;[]
36632;5 копеек 1802 год;ENDED;3600.00;0.00;0;Имперские (Россия);[]
36633;5 копеек 1805 год;ENDED;3700.00;0.00;0;Имперские (Россия);[]
36636;Медаль \&quot;Святая Матрона Московская\&quot;;ENDED;1499.00;0.00;0;Остальное;[]
36641;Наконечник бронзовый &#40;ранние скифы&#41;;ENDED;1200.00;0.00;0;Металлопластика античная;[]
36642;Подборка кресал;ENDED;850.00;0.00;0;Металлопластика средневековая,  восточные предметы до 1917г;[]
36643;Орда+2 Бешлыка КХ;ENDED;1000.00;0.00;0;Восточные;[]
36646;Две Деньги Шахин Гирея 5 год;ENDED;1500.00;0.00;0;Восточные;[]
36647;Перстень с Сераписом &#40;современная авторская работа&#41;;ENDED;3499.00;0.00;0;Остальное;[]
36673;Пул \&quot;Олень с рогами\&quot;.;ENDED;300.00;0.00;0;Восточные;[]
36686;Грифон;ENDED;500.00;0.00;0;Античные монеты;[]
36692;Деньга и бешлыки Ш. Г.;ENDED;250.00;0.00;0;Восточные;[]
36696;пул Бек-Суфи 2;ENDED;250.00;0.00;0;Восточные;[]
36708;Пул Тамга &#40;3&#41;;ENDED;200.00;0.00;0;Восточные;[]
36715;Трояк Сигизмунд III 1596 год;ENDED;1000.00;0.00;0;Средневековые (Европа);[]
36724;амулет амфора;ENDED;800.00;0.00;0;Металлопластика античная;[]
36727;Скифская золотая ароматница;ENDED;10000.00;0.00;0;Металлопластика античная;[]
36734;Проколки, крючек;ENDED;200.00;200.00;1;Металлопластика античная;[]
36738;Гемиобол;ENDED;2800.00;0.00;0;Античные монеты;[]
36739;3,2,1 копейки 1924г;ENDED;250.00;0.00;0;Россия и СССР;[]
36741;Надчекан;ENDED;150.00;0.00;0;Восточные;[]
36744;707 год, Ярмак, Токту-Хан, Крым;ENDED;1800.00;0.00;0;Восточные;[]
36755;Скифское копьё-дротик с утратами;ENDED;500.00;0.00;0;Металлопластика античная;[]
36762;Лот колец;ENDED;4999.00;0.00;0;Перстни и кольца;[]
36764; разное железо;ENDED;500.00;0.00;0;Металлопластика средневековая,  восточные предметы до 1917г;[]
36765;подсвечник-лампа;ENDED;1400.00;0.00;0;Керамика, фарфор, стекло (предметы декоративно-прикладного искусства, посуда);[]
36766;лампа-светильник;ENDED;1400.00;0.00;0;Керамика, фарфор, стекло (предметы декоративно-прикладного искусства, посуда);[]
36770;10 копеек 1943 года &#40;не частая&#41;;ENDED;550.00;0.00;0;Россия и СССР;[]
36771;пуги костяные;ENDED;500.00;0.00;0;Всё по Крымской Войне 1853-1856гг;[]
36772;монеты на чистку опыты;ENDED;200.00;205.00;2;Имперские (Россия);[]
36773;разное.;ENDED;800.00;0.00;0;Металлопластика средневековая,  восточные предметы до 1917г;[]
36774;пряжки,окончания и др.;ENDED;800.00;0.00;0;Металлопластика средневековая,  восточные предметы до 1917г;[]
36775;прясла.;ENDED;450.00;0.00;0;Металлопластика средневековая,  восточные предметы до 1917г;[]
36776;пуги гирьки с узорами 2.;ENDED;450.00;0.00;0;Металлопластика средневековая,  восточные предметы до 1917г;[]
36777;разное по ВОВ.;ENDED;450.00;0.00;0;Предметы старины не относящиеся к вышестоящим темам ;[]
36786;Разное с кремневого пистоля и ружья.;ENDED;350.00;350.00;1;Разное (трудноопределимые предметы и фрагменты);[]
36794;Монеты СССР Рамочники.;ENDED;150.00;0.00;0;Россия и СССР;[]
36796;20 копеек 1905 года. Буквы А/Р;ENDED;200.00;0.00;0;Имперские (Россия);[]
36797; Пуговицы - гирьки шаровидные Империя Цин;ENDED;350.00;0.00;0;Металлопластика средневековая,  восточные предметы до 1917г;[]
36798; Пуговица литая большая;ENDED;350.00;0.00;0;Металлопластика средневековая,  восточные предметы до 1917г;[]
36801;40 лет победы Харьков;ENDED;400.00;0.00;0;Настольные медали;[]
36815;2 копейки 1799 года;ENDED;650.00;0.00;0;Имперские (Россия);[]
36816;2 копейки 1801 года;ENDED;450.00;0.00;0;Имперские (Россия);[]
36818;Гвардия Колдстрим  Англия;ENDED;300.00;0.00;0;Всё по Крымской Войне 1853-1856гг;[]
36819;СССР 1938 года;ENDED;250.00;250.00;1;Россия и СССР;[]
36839;2 копейки серебром 1841 года;ENDED;750.00;0.00;0;Имперские (Россия);[]
36840;2 копейки 1859 года;ENDED;250.00;0.00;0;Имперские (Россия);[]
36846;Зацеп,пряжка;ENDED;250.00;0.00;0;Всё по Крымской Войне 1853-1856гг;[]
36850;ременной распределитель со следами золочения..;ENDED;1500.00;0.00;0;Металлопластика средневековая,  восточные предметы до 1917г;[]
36851;Красивое ложно витое кольцо,до монгол.;ENDED;500.00;0.00;0;Металлопластика средневековая,  восточные предметы до 1917г;[]
36852;Красивое ложно витое кольцо,до монгол.2;ENDED;500.00;0.00;0;Металлопластика средневековая,  восточные предметы до 1917г;[]
36853;амулет ножны,до монгол;ENDED;1100.00;0.00;0;Металлопластика средневековая,  восточные предметы до 1917г;[]
36855;Королевская артиллерия.малая;ENDED;150.00;0.00;0;Всё по Крымской Войне 1853-1856гг;[]
36856;Королевская артиллерия.Большая 1;ENDED;250.00;0.00;0;Всё по Крымской Войне 1853-1856гг;[]
36857;Королевская артиллерия.Англия.Большая 2;ENDED;250.00;0.00;0;Всё по Крымской Войне 1853-1856гг;[]
36860;Деньга Шахин Герая 5 год;ENDED;500.00;0.00;0;Восточные;[]
36861;63-й линейный пехотный полк Франция;ENDED;150.00;150.00;1;Всё по Крымской Войне 1853-1856гг;[]
36863;Тыльник шашки;ENDED;200.00;0.00;0;Металлопластика средневековая,  восточные предметы до 1917г;[]
36869;2 копейки 1811 г. СПБ;ENDED;300.00;0.00;0;Имперские (Россия);[]
36871;Бронзовый скифский наконечник;ENDED;400.00;0.00;0;Металлопластика античная;[]
36872;5 копеек 1874 г.;ENDED;500.00;0.00;0;Имперские (Россия);[]
36873;5 копеек 1871 г.;ENDED;500.00;0.00;0;Имперские (Россия);[]
36874; подсвечник бронза старинный .9.;ENDED;1500.00;0.00;0;Произведения декоративно-прикладного искусства;[]
36875;Пулы с надчеканами &#40;2&#41;;ENDED;500.00;0.00;0;Восточные;[]
36876;Бешлык Шахин Гирей &#40;3-ий год правления&#41;;ENDED;80.00;0.00;0;Восточные;[]
36878;Девлет 2 Гирей 2 -ое правление Бахчисарай 1121;ENDED;250.00;0.00;0;Восточные;[]
36890;5 Копеек 1869 г.;ENDED;350.00;0.00;0;Имперские (Россия);[]
36891;царизм;ENDED;300.00;0.00;0;Имперские (Россия);[]
36902;Накладка;ENDED;0.99;0.99;1;Металлопластика средневековая,  восточные предметы до 1917г;[]
36906;Украшение античное;ENDED;300.00;0.00;0;Металлопластика античная;[]
36909;Кырмыз Шахин Гирея &#40;4 год правления&#41;;ENDED;5000.00;0.00;0;Восточные;[]
36919;1,2,3 коп 1924г;ENDED;200.00;0.00;0;Россия и СССР;[]
36921;Лот деньги &#40; 6 шт.&#41;;ENDED;200.00;0.00;0;Имперские (Россия);[]
36922;Деньга 1772г ЕМ;ENDED;100.00;0.00;0;Имперские (Россия);[]
36923;Пуговица 49;ENDED;250.00;250.00;1;Филобутонистика (пуговицы, пряжки);[]
36926;Акче Менгли Гирея 915 год;ENDED;130.00;130.00;1;Восточные;[]
36927;елочные игрушки СССР 50 года;ENDED;999.00;0.00;0;Керамика, фарфор, стекло (предметы декоративно-прикладного искусства, посуда);[]
36928;топор московский тип 19-го века;ENDED;555.00;0.00;0;Керамика, фарфор, стекло (предметы декоративно-прикладного искусства, посуда);[]
36929;светильник из гильзы;ENDED;555.00;0.00;0;Керамика, фарфор, стекло (предметы декоративно-прикладного искусства, посуда);[]
36930;Бешлык Шахин-Гирея 4 год правления.;ENDED;400.00;0.00;0;Восточные;[]
36931;Ремень РИА. Пряга+ ремень;ENDED;1900.00;0.00;0;Предметы старины не относящиеся к вышестоящим темам ;[]
36934;Оловянная гоночная машинка;ENDED;400.00;0.00;0;Металлопластика средневековая,  восточные предметы до 1917г;[]
36935;Запанки;ENDED;250.00;0.00;0;Христианская металлопластика 14-19вв;[]
36936;Монеты Крымского Ханства 20шт.;ENDED;450.00;0.00;0;Восточные;[]
36939;бешлык Селямета 2-го, 1152 год, Бачхисарай.;ENDED;150.00;150.00;1;Восточные;[]
36941;скифский амулет \&quot;шипатое кольцо.;ENDED;300.00;300.00;1;Металлопластика античная;[]
36942;Акче и Бешлыки КХ &#40;50 шт.&#41;;ENDED;800.00;825.00;2;Восточные;[]
36943;Железный арбалетный наконечник;ENDED;500.00;500.00;1;Металлопластика античная;[]
36945;Птицеголовая там в красивой патине;ENDED;100.00;0.00;0;Восточные;[]
36947;Продам копейку Шахин-Гирея 6 года правления;ENDED;10000.00;0.00;0;Восточные;[]
36948;Продам 10 копеек 1902 года - не частая монета;ENDED;1200.00;0.00;0;Имперские (Россия);[]
36950;Менгли Гир. 900 г.х.;ENDED;350.00;0.00;0;Восточные;[]
36954;2 копейки 1811;ENDED;750.00;0.00;0;Имперские (Россия);[]
36955;2 копейки 1812;ENDED;400.00;0.00;0;Имперские (Россия);[]
36956;2 копейки 1815;ENDED;250.00;0.00;0;Имперские (Россия);[]
36957;2 копейки 1815 №2;ENDED;300.00;0.00;0;Имперские (Россия);[]
36959;Серебряные монеточки;ENDED;150.00;0.00;0;Восточные;[]
36960;Серебряные монеточки;ENDED;150.00;155.00;2;Восточные;[]
36961;Статерок и пегасик;ENDED;300.00;360.00;4;Античные монеты;[]
36963;3 копейки 1854г;ENDED;1000.00;0.00;0;Имперские (Россия);[]
36964;5 копеек 1836г;ENDED;800.00;800.00;1;Имперские (Россия);[]
36971;5 копеек Елизавета 1761год;ENDED;500.00;0.00;0;Имперские (Россия);[]
36972;Нюрнберг. 20 пфеннигов;ENDED;0.99;0.99;1;Жетоны;[]
36981;Ключик кольцо Рим;ENDED;600.00;1110.00;8;Перстни и кольца;[]
36982;Империя 20 копеек &#40; 3 шт&#41;;ENDED;300.00;310.00;2;Имперские (Россия);[]
36984;Генуэзские фоллеры надчеканки;ENDED;1200.00;0.00;0;Восточные;[]
36985;Селим 1 &#40;3 правление&#41;;ENDED;600.00;0.00;0;Восточные;[]
36986;Монета Востока;ENDED;250.00;0.00;0;Восточные;[]
36987;Копейка Шахин-Гирея;ENDED;2500.00;2500.00;1;Восточные;[]
36988;Акче Менгли Гир. 913,909 г;ENDED;250.00;250.00;1;Восточные;[]
36991;3 копейки 1927 и 1 копейка 1927 года;ENDED;1000.00;0.00;0;Россия и СССР;[]
36992;знак общества о бедных и больных детях  серебро 84 проба;ENDED;5000.00;5000.00;1;Металлопластика средневековая,  восточные предметы до 1917г;[]
36993;Ручные и ружейные гранаты России;ENDED;2500.00;0.00;0;Литература в помощь коллекционеру (научные издания, каталоги, аукционные каталоги, искусствоведение и пр.);[]
36994; Кырмыз, Шахин Гирей, 5-й год правл.;ENDED;10000.00;18605.00;13;Восточные;[]
36995;Накладка с изображением льва;ENDED;500.00;625.00;5;Металлопластика средневековая,  восточные предметы до 1917г;[]
36996;Румынская медаль за борьбу с коммунизмом;ENDED;700.00;0.00;0;Металлопластика средневековая,  восточные предметы до 1917г;[]
37001;Пул Всадник стреляющий вперед;ENDED;500.00;500.00;1;Восточные;[]
37003;Пул с орлом;ENDED;300.00;300.00;1;Восточные;[]
37005;Нечищенна с рубля;ENDED;1.00;1.00;1;Восточные;[]
37007;15 копеек 1778 г;ENDED;1500.00;0.00;0;Имперские (Россия);[]
37008;Царский военный жетон;ENDED;50.00;135.00;5;Христианская металлопластика 14-19вв;[]
37009;Ярмак. Токта.;ENDED;1500.00;2200.00;8;Восточные;[]
37010;Кошель акче Бахадура Гирея.;ENDED;1000.00;1900.00;10;Восточные;[]
37011;Акче Мехмеда Гирея 4;ENDED;350.00;350.00;1;Восточные;[]
37012;Ислам Гирей 3,  акче.;ENDED;350.00;350.00;1;Восточные;[]
37014;Акче К.Х.&#40;3&#41;;ENDED;100.00;365.00;14;Восточные;[]
37015;Бешлык Фатх Гир. 2;ENDED;200.00;200.00;1;Восточные;[]
37016;;ENDED;0.00;0.00;0;;[]
37017;Акче Менгли;ENDED;150.00;0.00;0;Восточные;[]
37018;Акче Менгли Гир &#40;2&#41;;ENDED;150.00;150.00;1;Восточные;[]
37019;Онлык Каплан Гир.;ENDED;450.00;0.00;0;Восточные;[]
37023;Пул 4;ENDED;1.00;1.00;1;Восточные;[]
37026;Пулы З.О. &#40;2&#41;;ENDED;400.00;0.00;0;Восточные;[]
37027;Трапезунд , Алексей 3;ENDED;0.99;3250.00;17;Античные монеты;[]
37028;кольца золотые 56 проба царское и османская монета золото;ENDED;5000.00;0.00;0;Перстни и кольца;[]
37029;Ассарий TYPA-N-ON;ENDED;1000.00;1000.00;1;Античные монеты;[]
37031;Мон К.Х.;ENDED;100.00;100.00;1;Восточные;[]
37032;Керкинитида скиф гело;ENDED;100.00;1615.00;23;Античные монеты;[]
37033;Мон. Антика;ENDED;500.00;500.00;1;Античные монеты;[]
37034;Мон. Антика &#40;2&#41;;ENDED;300.00;0.00;0;Античные монеты;[]
37035;Мон. Антика &#40;3&#41;;ENDED;250.00;0.00;0;Античные монеты;[]
37036;Мон. Антика &#40;4&#41;;ENDED;150.00;0.00;0;Античные монеты;[]
37037;Мон. Антика &#40;5&#41;;ENDED;200.00;0.00;0;Античные монеты;[]
37038;Мон. Антика &#40;6&#41;;ENDED;150.00;150.00;1;Античные монеты;[]
37039;Мон. Антика &#40;7&#41;;ENDED;150.00;0.00;0;Античные монеты;[]
37040;Мон. Рим;ENDED;200.00;200.00;1;Античные монеты;[]
37041;Один Рейхфенинг 1937 года.;ENDED;170.00;0.00;0;Германия;[]
37042;рестовраторам;ENDED;500.00;0.00;0;Христианская металлопластика 14-19вв;[]
37044;Крест с утратами;ENDED;300.00;300.00;1;Христианская металлопластика 14-19вв;[]
37045;Бронзовая Византийская накладка;ENDED;300.00;300.00;1;Металлопластика античная;[]
37046;10 копеек 1867 г.;ENDED;800.00;0.00;0;Имперские (Россия);[]
37047;10 копеек 1943 г.;ENDED;300.00;0.00;0;Россия и СССР;[]
37048;Пряжки и подвески КХ;ENDED;300.00;300.00;1;Металлопластика средневековая,  восточные предметы до 1917г;[]
37049;Лот серебряных колец;ENDED;1000.00;0.00;0;Перстни и кольца;[]
37050;Серебряные кольца с чернением;ENDED;800.00;0.00;0;Перстни и кольца;[]
37051;монетки разные;ENDED;300.00;300.00;1;Восточные;[]
37052;Восток.;ENDED;300.00;0.00;0;Восточные;[]
37053;Восток.;ENDED;250.00;250.00;1;Восточные;[]
37054;Во сток;ENDED;500.00;0.00;0;Восточные;[]
37055;Во сток;ENDED;150.00;150.00;1;Восточные;[]
37056;Восток.;ENDED;150.00;150.00;1;Восточные;[]
37057;Монета;ENDED;300.00;300.00;1;Восточные;[]
37058;Монета;ENDED;50.00;50.00;1;Восточные;[]
37059;бешлыки ШГ 5шт;ENDED;500.00;0.00;0;Восточные;[]
37060;пул птичка;ENDED;200.00;0.00;0;Восточные;[]
37061;четыре акче;ENDED;400.00;410.00;2;Восточные;[]
37062;Надчекан.;ENDED;250.00;0.00;0;Восточные;[]
37063;три пула;ENDED;400.00;0.00;0;Восточные;[]
37064;фальшак и данг Узбек;ENDED;500.00;0.00;0;Восточные;[]
37065;четыре данга;ENDED;1000.00;0.00;0;Восточные;[]
37066;м39, м3 + бонус;ENDED;600.00;600.00;1;Восточные;[]
37067;Кольцо Серебренное;ENDED;550.00;0.00;0;Перстни и кольца;[]
37070;Токта 69;ENDED;1000.00;1000.00;1;Восточные;[]
37071;Мон К.Х. &#40;2&#41;;ENDED;100.00;100.00;1;Восточные;[]
37072;Металлопласт. серебр;ENDED;400.00;0.00;0;Металлопластика средневековая,  восточные предметы до 1917г;[]
37073;лютый зверь;ENDED;2000.00;0.00;0;Перстни и кольца;[]
37074;От средневековье до СССР;ENDED;500.00;0.00;0;Металлопластика средневековая,  восточные предметы до 1917г;[]
37075;Подстаканник;ENDED;200.00;0.00;0;Металлопластика средневековая,  восточные предметы до 1917г;[]
37076;Ладанка 84проба;ENDED;300.00;360.00;6;Христианская металлопластика 14-19вв;[]
37077;Монета;ENDED;100.00;0.00;0;Средневековые (Европа);[]
37078;О&#41; 9 монет востока.;ENDED;300.00;0.00;0;Восточные;[]
37079;Монеты востока.;ENDED;500.00;0.00;0;Восточные;[]
37080;Пул;ENDED;150.00;0.00;0;Восточные;[]
37081;солдатский складень;ENDED;2000.00;0.00;0;Всё по Крымской Войне 1853-1856гг;[]
37082;Монета.;ENDED;250.00;0.00;0;Восточные;[]
37083;Всадник.;ENDED;400.00;400.00;1;Восточные;[]
37084;Туда Менгу.;ENDED;1500.00;3600.00;18;Восточные;[]
37086;Аспр;ENDED;400.00;725.00;10;Восточные;[]
37087;Трапезунд Мануил 3;ENDED;500.00;4200.00;23;Античные монеты;[]
37088;Надчекан.;ENDED;150.00;155.00;2;Восточные;[]
37089;Крымское ханство;ENDED;150.00;215.00;6;Металлопластика средневековая,  восточные предметы до 1917г;[]
37096;Наконечники бронзовые скифы;ENDED;1500.00;0.00;0;Металлопластика античная;[]
37097;Наконечники хазары орда;ENDED;1500.00;0.00;0;Металлопластика средневековая,  восточные предметы до 1917г;[]
37098;Монета 2;ENDED;100.00;0.00;0;Средневековые (Европа);[]
37099;15копеек польских;ENDED;100.00;0.00;0;Имперские (Россия);[]
37100;Крупный нательный крест 1;ENDED;100.00;0.00;0;Христианская металлопластика 14-19вв;[]
37101;Крупный нательный крест 2;ENDED;50.00;0.00;0;Христианская металлопластика 14-19вв;[]
37102;Крупный крест штурвал;ENDED;200.00;0.00;0;Христианская металлопластика 14-19вв;[]
37103;Крупный крест штурвал;ENDED;200.00;0.00;0;Христианская металлопластика 14-19вв;[]
37104;Украшения серебро ,медь в позолоте;ENDED;200.00;0.00;0;Металлопластика средневековая,  восточные предметы до 1917г;[]
37105;Украшение Кх с монетой;ENDED;200.00;0.00;0;Металлопластика средневековая,  восточные предметы до 1917г;[]
37106;царизм;ENDED;300.00;0.00;0;Имперские (Россия);[]
37107;лот колец;ENDED;700.00;725.00;2;Перстни и кольца;[]
37108;Копейка Шахин Гир. 4 г. пр.;ENDED;2500.00;2500.00;1;Восточные;[]
37109;Гирьки пуговицы;ENDED;500.00;0.00;0;Металлопластика средневековая,  восточные предметы до 1917г;[]
37110;металлопластика;ENDED;500.00;0.00;0;Металлопластика средневековая,  восточные предметы до 1917г;[]
37111;Крупные створки складня праздничный;ENDED;1500.00;0.00;0;Христианская металлопластика 14-19вв;[]
37112;лот антики;ENDED;800.00;1100.00;4;Античные монеты;[]
37113;Мон К.Х.&#40;3&#41;;ENDED;100.00;100.00;1;Восточные;[]
37114;Мон К.Х.&#40;4&#41;;ENDED;100.00;100.00;1;Восточные;[]
37115;Мон К.Х.&#40;5&#41;;ENDED;100.00;100.00;1;Восточные;[]
37116;Мон К.Х.&#40;6&#41;;ENDED;100.00;100.00;1;Восточные;[]
37117;Мон К.Х.&#40;7&#41;;ENDED;100.00;100.00;1;Восточные;[]
37118;25 монет кх;ENDED;200.00;683.00;11;Восточные;[]
37119;Мон К.Х.&#40;8&#41;;ENDED;100.00;0.00;0;Восточные;[]
37120;Надчекан;ENDED;300.00;0.00;0;Восточные;[]
37121;Восток 82 шт;ENDED;100.00;1300.00;15;;[]
37123;Амулет рыська;ENDED;2000.00;2000.00;1;Металлопластика средневековая,  восточные предметы до 1917г;[]
37124;Лот монет КХ.;ENDED;200.00;365.00;16;Восточные;[]
37125;РИМ;ENDED;160.00;160.00;1;Античные монеты;[]
37126;РИМ;ENDED;250.00;250.00;1;Античные монеты;[]
37127;РИМ;ENDED;160.00;0.00;0;Античные монеты;[]
37128;РИМ;ENDED;160.00;0.00;0;Античные монеты;[]
37129;Ключи 10-шт.;ENDED;350.00;350.00;1;Металлопластика средневековая,  восточные предметы до 1917г;[]
37131;Проколки;ENDED;300.00;0.00;0;Металлопластика средневековая,  восточные предметы до 1917г;[]
37132;ВИЗАНТИЯ;ENDED;160.00;160.00;1;Античные монеты;[]
37133;Крымское Ханство лот №1;ENDED;500.00;500.00;1;Металлопластика средневековая,  восточные предметы до 1917г;[]
37135;Наконечники античные;ENDED;1600.00;0.00;0;Металлопластика античная;[]
37136;Крымское Ханство лот №2;ENDED;1000.00;0.00;0;Металлопластика средневековая,  восточные предметы до 1917г;[]
37137;Клеймо с посудины;ENDED;50.00;0.00;0;Металлопластика средневековая,  восточные предметы до 1917г;[]
37138;Бусина;ENDED;300.00;0.00;0;Металлопластика средневековая,  восточные предметы до 1917г;[]
37139;Наконечник;ENDED;350.00;0.00;0;Металлопластика античная;[]
37140;половинка трапезунда Иоанн 2;ENDED;300.00;300.00;1;Восточные;[]
37141;Наконечники;ENDED;200.00;0.00;0;Металлопластика античная;[]
37142;Кресало;ENDED;300.00;0.00;0;Металлопластика средневековая,  восточные предметы до 1917г;[]
37143;нижний чин 56-й Западно-Эссекский пехотный полк , Британия;ENDED;500.00;3100.00;17;Всё по Крымской Войне 1853-1856гг;[]
37144;ключ;ENDED;100.00;0.00;0;Металлопластика средневековая,  восточные предметы до 1917г;[]
37145;Наконечники 2;ENDED;200.00;227.00;5;Металлопластика античная;[]
37146;Монета-рыба, Керкинитида;ENDED;20000.00;20000.00;1;Античные монеты;[]
37148;м 50 &#40;6 шт.&#41;;ENDED;220.00;0.00;0;Восточные;[]
37149;Онлык Ш.Г;ENDED;350.00;350.00;1;Восточные;[]
37150;Копейка 1945 г, брак.;ENDED;350.00;500.00;8;Россия и СССР;[]
37151;Пул с ликом;ENDED;150.00;150.00;1;Восточные;[]
37152;м 45;ENDED;35.00;35.00;1;Восточные;[]
37156;Трапезунд, Василий;ENDED;500.00;1100.00;4;Античные монеты;[]
37157;Кресало 2;ENDED;200.00;200.00;1;Металлопластика средневековая,  восточные предметы до 1917г;[]
37158;Анонимный выпуск, ал-Джедид;ENDED;200.00;0.00;0;Восточные;[]
37159;м 21а;ENDED;45.00;0.00;0;Восточные;[]
37160;браслет;ENDED;300.00;0.00;0;Металлопластика античная;[]
37161;Крюк;ENDED;100.00;0.00;0;Металлопластика средневековая,  восточные предметы до 1917г;[]
37162;Бешлык Каплан Гирея, 2 пр.;ENDED;350.00;350.00;1;Восточные;[]
37163;Бешлык Каплан Гирея, 3 пр, 1143 гх;ENDED;400.00;580.00;6;Восточные;[]
37164;Зажигалка;ENDED;200.00;0.00;0;Металлопластика средневековая,  восточные предметы до 1917г;[]
37166;м 48а;ENDED;60.00;0.00;0;Восточные;[]
37167;Височная подвеска;ENDED;300.00;0.00;0;Металлопластика средневековая,  восточные предметы до 1917г;[]
37168;Бешлык и акче Мурада Гирея.;ENDED;500.00;500.00;1;Восточные;[]
37169;м 54;ENDED;60.00;0.00;0;Восточные;[]
37170;зеркало;ENDED;150.00;0.00;0;Металлопластика античная;[]
37171;Подвески;ENDED;150.00;0.00;0;Металлопластика средневековая,  восточные предметы до 1917г;[]
37172;Металлопластика;ENDED;200.00;0.00;0;Металлопластика средневековая,  восточные предметы до 1917г;[]
37173;Запонки;ENDED;100.00;0.00;0;Металлопластика средневековая,  восточные предметы до 1917г;[]
37174;Денарий Септимий Север.;ENDED;500.00;525.00;2;Античные монеты;[]
37177;Серёжка орда серебро;ENDED;200.00;0.00;0;Металлопластика средневековая,  восточные предметы до 1917г;[]
37178;Готская и Римская пряжки.;ENDED;600.00;600.00;1;Металлопластика античная;[]
37180;Серьга с камнем;ENDED;150.00;150.00;1;Столовое серебро, ювелирные изделия (из драгметаллов);[]
37181;Пуга гирька с эмалеми;ENDED;200.00;311.00;7;Металлопластика средневековая,  восточные предметы до 1917г;[]
37182;Замки;ENDED;250.00;0.00;0;Металлопластика средневековая,  восточные предметы до 1917г;[]
37183;Замки 1;ENDED;200.00;0.00;0;Металлопластика средневековая,  восточные предметы до 1917г;[]
37184;Фибула;ENDED;100.00;0.00;0;Металлопластика античная;[]
37185;наконечники 60+штук;ENDED;5000.00;5100.00;2;Металлопластика средневековая,  восточные предметы до 1917г;[]
37186;Пул солнце;ENDED;1000.00;0.00;0;Восточные;[]
37187;Менгли 1  899гх;ENDED;200.00;0.00;0;Восточные;[]
37188;Йармак Тула Буга;ENDED;500.00;500.00;1;Восточные;[]
37189;Кошель Бешлыков Менгли Гирея;ENDED;500.00;0.00;0;Восточные;[]
37191;Крестик хороший сохран;ENDED;100.00;100.00;1;Христианская металлопластика 14-19вв;[]
37192;Денга 1759 года;ENDED;450.00;0.00;0;Имперские (Россия);[]
37194;2 копейки 1757 года;ENDED;700.00;0.00;0;Имперские (Россия);[]
37197;2 копейки 1812 года;ENDED;300.00;0.00;0;Имперские (Россия);[]
37198;Лот монет;ENDED;300.00;300.00;1;Имперские (Россия);[]
37199;Монеты;ENDED;750.00;0.00;0;Имперские (Россия);[]
37200;Империя 10 копеек &#40; 5 шт&#41;;ENDED;600.00;600.00;1;Имперские (Россия);[]
37201;монетка всадник стреляющий вперед;ENDED;400.00;0.00;0;Восточные;[]
37203;Керкинитида Скиф-на скале. ИППО;ENDED;500.00;8100.00;14;Античные монеты;[]
37204;О&#41; Горит. 1;ENDED;300.00;300.00;1;Античные монеты;[]
37205;О&#41; 4 монеты.;ENDED;200.00;0.00;0;Античные монеты;[]
37206;Константин IX &#40; 1042 - 1055 &#41;;ENDED;1000.00;1000.00;1;Античные монеты;[]
37207;Монета Молдавии;ENDED;200.00;200.00;1;Восточные;[]
37208;З.О. 63 шт.;ENDED;600.00;925.00;8;Восточные;[]
37209;Офицерская пуговка номер 28;ENDED;250.00;260.00;2;Филобутонистика (пуговицы, пряжки);[]
37210;Лепта;ENDED;1500.00;0.00;0;Античные монеты;[]
37211;Медная монета;ENDED;100.00;100.00;1;Античные монеты;[]
37212;Металопластика;ENDED;400.00;0.00;0;Металлопластика средневековая,  восточные предметы до 1917г;[]
37213;кокарда РККА.;ENDED;350.00;0.00;0;Государственные награды Россйской Империи  (ордена, кресты, медали);[]
37214;эмблема РККА.;ENDED;350.00;350.00;1;Государственные награды Россйской Империи  (ордена, кресты, медали);[]
37215;Знак ГТО 1 ступени. 1930-е годы.;ENDED;350.00;0.00;0;Государственные награды Россйской Империи  (ордена, кресты, медали);[]
37216;Фалеристика;ENDED;350.00;0.00;0;Государственные награды Россйской Империи  (ордена, кресты, медали);[]
37217;Брошка.;ENDED;350.00;0.00;0;Металлопластика средневековая,  восточные предметы до 1917г;[]
37218;сережки.солярный знак.символ Солнца.;ENDED;400.00;0.00;0;Металлопластика средневековая,  восточные предметы до 1917г;[]
37219;О&#41; Лев. Гемиобол.;ENDED;2500.00;0.00;0;Античные монеты;[]
37220;Гвардия и воинское братство.;ENDED;550.00;0.00;0;Полковые, должностные, учебные знаки и жетоны;[]
37221;Динарий Юлия Мамея;ENDED;1500.00;2000.00;4;Античные монеты;[]
37222; проколка;ENDED;200.00;0.00;0;Металлопластика средневековая,  восточные предметы до 1917г;[]
37223;Прясло;ENDED;200.00;0.00;0;Металлопластика античная;[]
37224;Менгли 1й 3шт;ENDED;500.00;500.00;1;Восточные;[]
37225;акче Сахиб 1;ENDED;100.00;100.00;1;Восточные;[]
37227;Анонимный джучидский пул 14 века чекана Сарай ал-Джадида;ENDED;500.00;0.00;0;Восточные;[]
37228;Антика разное.;ENDED;350.00;0.00;0;Античные монеты;[]
37229;таш тимур;ENDED;500.00;0.00;0;Восточные;[]
37230;Орда 93шт.;ENDED;450.00;870.00;7;Восточные;[]
37232;15 коп 1906г;ENDED;350.00;0.00;0;Имперские (Россия);[]
37233;Часть от Знака БГТО 2 степени;ENDED;350.00;0.00;0;Фалеристика СССР;[]
37234;Бронзовый колчанный крюк &#40;Скифы-Сарматы&#41;;ENDED;1500.00;1500.00;1;Металлопластика античная;[]
37236;Гирьки разные.;ENDED;500.00;575.00;4;Металлопластика средневековая,  восточные предметы до 1917г;[]
37237;79-й &#40;Шотландские горцы Камерона&#41; пехотный полк;ENDED;2000.00;0.00;0;Всё по Крымской Войне 1853-1856гг;[]
37239;Печати, Ханство;ENDED;2000.00;0.00;0;Металлопластика средневековая,  восточные предметы до 1917г;[]
37240;Прочистка&#40; для трубок&#41;;ENDED;800.00;800.00;1;Всё по Крымской Войне 1853-1856гг;[]
37241;Свистулька, Заяц;ENDED;1000.00;0.00;0;Античная и средневековая керамика, стекло;[]
37242;Складень всем скорбящим в радость;ENDED;2500.00;0.00;0;Христианская металлопластика 14-19вв;[]
37244;серебрушки;ENDED;150.00;0.00;0;Восточные;[]
37245;Ложечка царизм;ENDED;300.00;0.00;0;Металлопластика средневековая,  восточные предметы до 1917г;[]
37246;Вилка промтехсвязь;ENDED;200.00;0.00;0;Остальное;[]
37247; Амулет \&quot;лягушка\&quot; -З.О.;ENDED;300.00;1650.00;14;Металлопластика средневековая,  восточные предметы до 1917г;[]
37248;Перстень 5-4 в. до н. э;ENDED;1500.00;3600.00;10;Перстни и кольца;[]
37249; Пулевидный наконечник;ENDED;150.00;0.00;0;Металлопластика античная;[]
37250;Восток разное.;ENDED;300.00;300.00;1;Восточные;[]
37251;Серебро,биллон.;ENDED;300.00;300.00;1;Восточные;[]
37253;Надчеканы -разные.;ENDED;500.00;0.00;0;Восточные;[]
37255;Шади бег,Шахр азак.;ENDED;400.00;0.00;0;Восточные;[]
37256;Два перстня с утратами;ENDED;100.00;134.00;3;Перстни и кольца;[]
37257;250 рублей 1919 &#40;2 шт&#41;;ENDED;500.00;500.00;1;Боны (облигации, ценные бумаги);[]
37258;100 рублей 1918 года №1;ENDED;250.00;0.00;0;Боны (облигации, ценные бумаги);[]
37259;100 рублей 1918 года №2;ENDED;250.00;0.00;0;Боны (облигации, ценные бумаги);[]
37260;1 рубль 1898 года;ENDED;150.00;0.00;0;Боны (облигации, ценные бумаги);[]
37261;Рубль 1898 года №2;ENDED;200.00;0.00;0;Боны (облигации, ценные бумаги);[]
37263;1000 рублей 1918;ENDED;150.00;0.00;0;Боны (облигации, ценные бумаги);[]
37264;Керенки 3 шт;ENDED;200.00;200.00;1;Боны (облигации, ценные бумаги);[]
37265;3 рубля 1905 года;ENDED;150.00;0.00;0;Боны (облигации, ценные бумаги);[]
37266;5 рублей 1909 года;ENDED;150.00;0.00;0;Боны (облигации, ценные бумаги);[]
37267;10 рублей 1909 года №1;ENDED;150.00;0.00;0;Боны (облигации, ценные бумаги);[]
37268;10 рублей 1909 года №2;ENDED;150.00;0.00;0;Боны (облигации, ценные бумаги);[]
37269;Золотое Кольцо 92 пробы &#40;годовик&#41;;ENDED;9000.00;0.00;0;Перстни и кольца;[]
37270;Токта Н.Д.;ENDED;1500.00;0.00;0;Восточные;[]
37271;5 коп 1757г. Облачник;ENDED;1890.00;1890.00;1;Имперские (Россия);[]
37272;5 коп 1826 г.;ENDED;1750.00;0.00;0;Имперские (Россия);[]
37274;Фоллис Константин X;ENDED;1000.00;1000.00;1;Античные монеты;[]
37275; Пулад белед Сарай;ENDED;300.00;0.00;0;Восточные;[]
37276;Два аспра;ENDED;250.00;0.00;0;Восточные;[]
37277;Перстни 7 шт.;ENDED;2000.00;0.00;0;Перстни и кольца;[]
37278;Пуговица № 17 Сардиния;ENDED;500.00;0.00;0;Всё по Крымской Войне 1853-1856гг;[]
37279;Знак Зуавы;ENDED;500.00;500.00;1;Всё по Крымской Войне 1853-1856гг;[]
37280;Литая монета Херсона правления Льва VI и Александра;ENDED;500.00;1100.00;7;Античные монеты;[]
37281;Херсонес;ENDED;3000.00;3657.00;5;Античные монеты;[]
37282;Пул очковидная тамга. &#40;Ал-Джедид&#41;;ENDED;500.00;726.00;8;Восточные;[]
37284;Менгу-Тимур;ENDED;5000.00;0.00;0;Восточные;[]
37285;Токтамыш с калимой Азак. 794г.х.;ENDED;1.00;205.00;15;Восточные;[]
37286;Шадибек Орда ал-Джадида;ENDED;1.00;50.00;4;Восточные;[]
37287;Крест.;ENDED;6000.00;0.00;0;Металлопластика средневековая,  восточные предметы до 1917г;[]
37289;ВИЗАНТИЯ;ENDED;160.00;0.00;0;Античные монеты;[]
37290;ГРЕЦИЯ;ENDED;120.00;0.00;0;Античные монеты;[]
37291;РИМ;ENDED;180.00;0.00;0;Античные монеты;[]
37293;ВИЗАНТИЯ, ПОДРАЖАНИЕ ФОЛЛИСУ-?;ENDED;150.00;0.00;0;Античные монеты;[]
37294;Йармак Токты;ENDED;2500.00;0.00;0;Восточные;[]
37295;Акче Менгли 907, 909 г.х.;ENDED;200.00;0.00;0;Восточные;[]
37296;Елочная редкая игрушка;ENDED;1000.00;0.00;0;Игрушки (солдатики, машинки, пистолеты, автоматы, куклы и проч.);[]
37297;8 монет;ENDED;200.00;580.00;19;Восточные;[]
37298;набор кофейных ложек 875 проба эмаль;ENDED;6000.00;0.00;0;Столовое серебро, ювелирные изделия (из драгметаллов);[]
37299;Чемпион Москвы 1955 года;ENDED;5000.00;0.00;0;Фалеристика СССР;[]
37300;Коллегия Судей по Спорту 3;ENDED;200.00;0.00;0;Фалеристика СССР;[]
37301;Олимпийский Мишка с раскраской;ENDED;2300.00;0.00;0;Керамика, фарфор, стекло (предметы декоративно-прикладного искусства, посуда);[]
37302;Знаки и др.;ENDED;400.00;0.00;0;Остальное;[]
37303;2 гривны Украина;ENDED;250.00;0.00;0;Монеты мира (современные);[]
37304;2 гривны Украина спорт;ENDED;250.00;0.00;0;Монеты мира (современные);[]
37305;Ромб;ENDED;500.00;0.00;0;Фалеристика СССР;[]
37306;Крест в круге.;ENDED;300.00;300.00;1;Христианская металлопластика 14-19вв;[]
37307;железный сосуд. &#40;кугман?&#41;;ENDED;300.00;300.00;1;Металлопластика средневековая,  восточные предметы до 1917г;[]
37308;Мон К.Х.&#40;1&#41;;ENDED;100.00;0.00;0;Восточные;[]
37309;2 копейки 1801 года ЕМ;ENDED;220.00;0.00;0;Имперские (Россия);[]
37310;2 копейки 1801 года;ENDED;150.00;0.00;0;Имперские (Россия);[]
37311;2 копейки 1801 года ЕМ;ENDED;500.00;500.00;1;Имперские (Россия);[]
37312;1 копейка 1800 ЕМ;ENDED;350.00;0.00;0;Имперские (Россия);[]
37313;1 копейка 1801 года ЕМ;ENDED;350.00;350.00;1;Имперские (Россия);[]
37314;2 копейки 1758 отличный рыльеф;ENDED;800.00;0.00;0;Имперские (Россия);[]
37315;2 копейки 1765 года ПЕРЕЧЕКАН;ENDED;1500.00;0.00;0;Имперские (Россия);[]
37316;2 копейки 1789 года;ENDED;500.00;0.00;0;Имперские (Россия);[]
37317;2 копейки 1761 года;ENDED;300.00;0.00;0;Имперские (Россия);[]
37319;2 копейки 1757 перечекан с облачной копейки;ENDED;1000.00;0.00;0;Имперские (Россия);[]
37320;Кирасиры №9;ENDED;500.00;2000.00;21;Всё по Крымской Войне 1853-1856гг;[]
37321;Британия 79-й полк;ENDED;400.00;400.00;1;Всё по Крымской Войне 1853-1856гг;[]
37322;Британия 79-й полк &#40;2&#41;;ENDED;400.00;425.00;3;Всё по Крымской Войне 1853-1856гг;[]
37323;Британия 95-й полк;ENDED;100.00;100.00;1;Всё по Крымской Войне 1853-1856гг;[]
37324;Франция. Инженеры;ENDED;300.00;360.00;5;Всё по Крымской Войне 1853-1856гг;[]
37326;Франция. 83-й полк;ENDED;100.00;1550.00;26;Всё по Крымской Войне 1853-1856гг;[]
37327;Сардиния. 4-й полк;ENDED;100.00;775.00;5;Всё по Крымской Войне 1853-1856гг;[]
37328;Франция. 1-й полк;ENDED;100.00;310.00;16;Всё по Крымской Войне 1853-1856гг;[]
37329;Россия. 3-й полк, офицер;ENDED;100.00;105.00;2;Всё по Крымской Войне 1853-1856гг;[]
37330;Франция. 34-й полк;ENDED;100.00;1750.00;20;Всё по Крымской Войне 1853-1856гг;[]
37331;Франция. 74-й полк;ENDED;100.00;105.00;2;Всё по Крымской Войне 1853-1856гг;[]
37332;Франция. 88-й полк;ENDED;100.00;270.00;19;Всё по Крымской Войне 1853-1856гг;[]
37334;Россия. 9-й полк, офицер;ENDED;400.00;400.00;1;Всё по Крымской Войне 1853-1856гг;[]
37336;Франция. 33-й полк;ENDED;100.00;275.00;14;Всё по Крымской Войне 1853-1856гг;[]
37337;Франция. 8-й полк;ENDED;100.00;360.00;24;Всё по Крымской Войне 1853-1856гг;[]
37338;Франция. 49-й полк;ENDED;100.00;311.00;12;Всё по Крымской Войне 1853-1856гг;[]
37339;Франция. 47-й полк;ENDED;100.00;311.00;15;Всё по Крымской Войне 1853-1856гг;[]
37340;Франция. 44-й полк;ENDED;100.00;245.00;9;Всё по Крымской Войне 1853-1856гг;[]
37341;Франция. 81-й полк;ENDED;100.00;460.00;29;Всё по Крымской Войне 1853-1856гг;[]
37342;Франция. 18-й полк;ENDED;100.00;256.00;9;Всё по Крымской Войне 1853-1856гг;[]
37343;Франция. 2-й полк;ENDED;100.00;261.00;12;Всё по Крымской Войне 1853-1856гг;[]
37344;Бляшка перо павлина орда;ENDED;1000.00;0.00;0;Металлопластика средневековая,  восточные предметы до 1917г;[]
37345; Адиль Гирей, бешлык.;ENDED;300.00;625.00;12;Восточные;[]
37346;Саадат Гирей IV бен Селим Гирей 1129гх бешлык;ENDED;200.00;200.00;1;Восточные;[]
37347;Саадат Гирей бен Менгли Гирей 929 гх, акче;ENDED;250.00;700.00;15;Восточные;[]
37348;НОЖ ДЛЯ БУМАГИ, КОНВЕРТОВ, ПИСЕМ 19-20в.;ENDED;1500.00;0.00;0;Христианская металлопластика 14-19вв;[]
37349;Инайет Гирей бен Гази Гирей, акче;ENDED;200.00;200.00;1;Восточные;[]
37350;15 Копеек 1784 СПБ;ENDED;5000.00;0.00;0;Имперские (Россия);[]
37351;Ханлык Гезлева, Гази 2-ой 996 год.;ENDED;100.00;155.00;10;Восточные;[]
37352;Комплекс скифских колокольчиков;ENDED;1000.00;0.00;0;Античная и средневековая керамика, стекло;[]
37353;Джанибек 1037 год.;ENDED;100.00;125.00;7;Восточные;[]
37354;Фальшак Девлета I-го. &#40;1&#41;;ENDED;100.00;125.00;7;Восточные;[]
37355;20 копеек 1855 года.;ENDED;2000.00;2500.00;3;Имперские (Россия);[]
37356;Фальшак Девлета I-го. &#40;2&#41;;ENDED;100.00;125.00;3;Восточные;[]
37358;Сардиния. 1, 8 и 15 линейные полки;ENDED;500.00;1550.00;5;Всё по Крымской Войне 1853-1856гг;[]
37359;Британия 4-й полк;ENDED;100.00;156.00;6;Всё по Крымской Войне 1853-1856гг;[]
37361;Сардиния. Артиллерия, офицер;ENDED;400.00;610.00;3;Всё по Крымской Войне 1853-1856гг;[]
37362;О&#41; Наки . 35 шт.;ENDED;1000.00;0.00;0;Металлопластика античная;[]
37363;Септимий Север;ENDED;1500.00;3600.00;18;Античные монеты;[]
37364;античные грузила.;ENDED;600.00;0.00;0;Античная и средневековая керамика, стекло;[]
37365;античные гвозди.;ENDED;500.00;0.00;0;Античная и средневековая керамика, стекло;[]
37366;кресало ладьевидное крепкий металл.;ENDED;300.00;0.00;0;Античная и средневековая керамика, стекло;[]
37367;Древний оселок - точильный камень.;ENDED;1200.00;0.00;0;Античная и средневековая керамика, стекло;[]
37368;Древний Колокольчик.;ENDED;1200.00;0.00;0;Античная и средневековая керамика, стекло;[]
37369;Древняя свинцовая заклепка.;ENDED;200.00;0.00;0;Античная и средневековая керамика, стекло;[]
37370;Автоматическая шариковая ручка из оригинальных патронов .303 British;ENDED;0.99;0.00;0;Продажа по фиксированной цене.;[]
37371;Франция. ВМФ;ENDED;100.00;311.00;15;Всё по Крымской Войне 1853-1856гг;[]
37372;Франция. Санитары;ENDED;500.00;866.00;14;Всё по Крымской Войне 1853-1856гг;[]
37374;Британия 55-й полк;ENDED;200.00;200.00;1;Всё по Крымской Войне 1853-1856гг;[]
37375;Британия 79-й полк;ENDED;100.00;100.00;1;Всё по Крымской Войне 1853-1856гг;[]
37376;Британия. Колдстрим;ENDED;100.00;100.00;1;Всё по Крымской Войне 1853-1856гг;[]
37378;Франция. Драгуны 2-й и 6-й полки;ENDED;300.00;1156.00;23;Всё по Крымской Войне 1853-1856гг;[]
37379;Британия 68-й полк;ENDED;300.00;330.00;5;Всё по Крымской Войне 1853-1856гг;[]
37380;Франция. Инженеры, малая;ENDED;100.00;201.00;8;Всё по Крымской Войне 1853-1856гг;[]
37381;Франция. Артиллерия;ENDED;500.00;1020.00;23;Всё по Крымской Войне 1853-1856гг;[]
37382;Турки;ENDED;500.00;500.00;1;Всё по Крымской Войне 1853-1856гг;[]
37384;Британия 63-й полк;ENDED;100.00;156.00;7;Всё по Крымской Войне 1853-1856гг;[]
37385;Британия 93-й и 42-й полки;ENDED;200.00;200.00;1;Всё по Крымской Войне 1853-1856гг;[]
37386;Россия;ENDED;100.00;876.00;25;Всё по Крымской Войне 1853-1856гг;[]
37387;Подражание анонимному фоллису;ENDED;300.00;300.00;1;Античные монеты;[]
37388;40 монет КХ;ENDED;300.00;545.00;11;Восточные;[]
37390;античная монетка;ENDED;500.00;0.00;0;Античные монеты;[]
37391;монетки разные;ENDED;300.00;0.00;0;Восточные;[]
37392;монетки;ENDED;200.00;200.00;1;Россия и СССР;[]
37393;20 копеек 1914;ENDED;250.00;0.00;0;Имперские (Россия);[]
37395;Кольцо с узорами;ENDED;150.00;0.00;0;Перстни и кольца;[]
37396;Кольцо-перстень;ENDED;250.00;0.00;0;Перстни и кольца;[]
37397;Перстень с камнем;ENDED;300.00;0.00;0;Перстни и кольца;[]
37398;Лот монет КХ.;ENDED;400.00;400.00;1;Восточные;[]
37399;Лот монет;ENDED;555.00;0.00;0;Имперские (Россия);[]
37400;Ладанка;ENDED;100.00;0.00;0;Христианская металлопластика 14-19вв;[]
37401;царизм 17 шт;ENDED;200.00;875.00;11;Имперские (Россия);[]
37402;советы ранние 50 шт;ENDED;100.00;100.00;1;Россия и СССР;[]
37403;50 коп;ENDED;350.00;350.00;1;Россия и СССР;[]
37404;К.Х. 50 шт.;ENDED;300.00;1157.00;15;Восточные;[]
37405;Боевые топорики домонгол;ENDED;3500.00;0.00;0;Металлопластика античная;[]
37406;Эполетная пуговица 6-го &#40;Иннискиллингского&#41; драгунского полка.;ENDED;3000.00;0.00;0;Всё по Крымской Войне 1853-1856гг;[]
37409;Франция. 64-й полк;ENDED;100.00;100.00;1;Всё по Крымской Войне 1853-1856гг;[]
37410;Франция. 23-й полк;ENDED;100.00;316.00;17;Всё по Крымской Войне 1853-1856гг;[]
37411;Франция. 6-й полк;ENDED;100.00;100.00;1;Всё по Крымской Войне 1853-1856гг;[]
37412;Франция. 81-й полк;ENDED;100.00;116.00;3;Всё по Крымской Войне 1853-1856гг;[]
37415;Франция. 3-й полк;ENDED;100.00;165.00;8;Всё по Крымской Войне 1853-1856гг;[]
37416;Франция. 76-й полк;ENDED;100.00;201.00;11;Всё по Крымской Войне 1853-1856гг;[]
37418;83 полк Франции;ENDED;300.00;0.00;0;Всё по Крымской Войне 1853-1856гг;[]
37419;амулет-подвеска;ENDED;8000.00;0.00;0;Христианская металлопластика 14-19вв;[]
37421;Полтина Екатерины 2 &#40;1774 г.&#41;;ENDED;1000.00;1000.00;1;Имперские (Россия);[]
37422;Полтинники 1924-1925 гг.;ENDED;600.00;0.00;0;Россия и СССР;[]
37423;Британия 28-й полк;ENDED;200.00;200.00;1;Всё по Крымской Войне 1853-1856гг;[]
37424;Британия 44-й полк;ENDED;100.00;100.00;1;Всё по Крымской Войне 1853-1856гг;[]
37425;Франция. 52-й полк;ENDED;100.00;185.00;9;Всё по Крымской Войне 1853-1856гг;[]
37426;Франция. 14-й полк;ENDED;100.00;211.00;12;Всё по Крымской Войне 1853-1856гг;[]
37427;22 полк Франции;ENDED;300.00;410.00;12;Всё по Крымской Войне 1853-1856гг;[]
37428;Франция. Консул &#40;Префект&#41;;ENDED;500.00;500.00;1;Всё по Крымской Войне 1853-1856гг;[]
37429;Франция. 10-й полк;ENDED;100.00;150.00;6;Всё по Крымской Войне 1853-1856гг;[]
37430;Франция. 20-й полк;ENDED;100.00;100.00;1;Всё по Крымской Войне 1853-1856гг;[]
37431;Франция. 36-й полк;ENDED;100.00;311.00;9;Всё по Крымской Войне 1853-1856гг;[]
37432;Франция. 40-й полк;ENDED;100.00;1000.00;29;Всё по Крымской Войне 1853-1856гг;[]
37433;Франция. 1-й полк;ENDED;100.00;281.00;17;Всё по Крымской Войне 1853-1856гг;[]
37434;Франция. 4-й полк;ENDED;100.00;266.00;16;Всё по Крымской Войне 1853-1856гг;[]
37435;Франция. 16-й полк;ENDED;100.00;215.00;5;Всё по Крымской Войне 1853-1856гг;[]
37436;Франция. 19-й полк;ENDED;100.00;166.00;6;Всё по Крымской Войне 1853-1856гг;[]
37437;Пуговицы от одежды белья;ENDED;100.00;255.00;21;Всё по Крымской Войне 1853-1856гг;[]
37438;Монеты орды 60шт;ENDED;500.00;525.00;2;Восточные;[]
37439;Монеты орды;ENDED;200.00;0.00;0;Восточные;[]
37440;Монеты орды 2;ENDED;200.00;0.00;0;Восточные;[]
37441;Монеты орды 3;ENDED;200.00;0.00;0;Восточные;[]
37442;Монеты орды 4;ENDED;200.00;200.00;1;Восточные;[]
37443;Пуговица,большая, корпус морской артиллерии,офицер.;ENDED;1000.00;0.00;0;Филобутонистика (пуговицы, пряжки);[]
37444;денга Шахин Гирея 6й год правления;ENDED;2000.00;3215.00;9;Античные монеты;[]
37445;денга Шахин Гирея 5й год правления;ENDED;1000.00;0.00;0;Античные монеты;[]
37446;3 копейки 1927 года;ENDED;800.00;0.00;0;Россия и СССР;[]
37447;солид имп. Константина V , 741-775 гг.;ENDED;15000.00;0.00;0;Античные монеты;[]
37448;Пул м 30;ENDED;400.00;400.00;1;Восточные;[]
37449;Монета Востока;ENDED;300.00;300.00;1;Восточные;[]
37451;Фолларо Византия;ENDED;0.99;3233.00;14;Античные монеты;[]
37452;Бига - лев. Херсонес.;ENDED;1000.00;2800.00;14;Античные монеты;[]
37453;Бешлык Каплан Гирея 2;ENDED;250.00;300.00;5;Восточные;[]
37454;Крым Гирей, 1172гх;ENDED;200.00;215.00;3;Восточные;[]
37455;Хаджи Гирей;ENDED;400.00;0.00;0;Восточные;[]
37456;Керкинитида. Скиф на скале.;ENDED;13000.00;0.00;0;Античные монеты;[]
37457;Пряжка татарская;ENDED;500.00;0.00;0;Металлопластика средневековая,  восточные предметы до 1917г;[]
37458;10-ть монет;ENDED;200.00;0.00;0;Восточные;[]
37459;7 перстней,колец;ENDED;200.00;305.00;4;Перстни и кольца;[]
37460;Менгли-Саадат-Адиль Гиреи.;ENDED;500.00;525.00;2;Восточные;[]
37461;Металлопластика.;ENDED;500.00;800.00;16;Металлопластика средневековая,  восточные предметы до 1917г;[]
37462;Пуги-№-9- 34;ENDED;250.00;450.00;12;Филобутонистика (пуговицы, пряжки);[]
37463;Крестоцвет 17-18вв;ENDED;250.00;0.00;0;Перстни и кольца;[]
37464;Серебро  15 шт.;ENDED;1500.00;0.00;0;Восточные;[]
37465;3 монеты;ENDED;222.00;0.00;0;Россия и СССР;[]
37466;Монеты на чистку;ENDED;300.00;0.00;0;Восточные;[]
37467;Две монеты.;ENDED;300.00;0.00;0;Имперские (Россия);[]
37468;18 полк Франции;ENDED;150.00;0.00;0;Всё по Крымской Войне 1853-1856гг;[]
37469;за механизацию и автоматизацию в металлургии МЧМ СССР;ENDED;350.00;0.00;0;Государственные награды Россйской Империи  (ордена, кресты, медали);[]
37470;антика;ENDED;0.99;343.00;7;Античные монеты;[]
37471;византия;ENDED;0.99;510.00;5;Античные монеты;[]
37472;Солнышко;ENDED;0.99;0.99;1;Восточные;[]
37473;Токта-необычный год!;ENDED;1500.00;0.00;0;Восточные;[]
37474;Замок Ранний СССР;ENDED;1000.00;0.00;0;Металлопластика средневековая,  восточные предметы до 1917г;[]
37475;Замок старинный 900 бронза;ENDED;1000.00;0.00;0;Металлопластика средневековая,  восточные предметы до 1917г;[]
37476;Красивые каминные часы «Янтарь»;ENDED;2000.00;0.00;0;Произведения декоративно-прикладного искусства;[]
37477;Шпилечный патрон 7;ENDED;100.00;0.00;0;Всё по Крымской Войне 1853-1856гг;[]
37478;Сельджуки Рума серебро.;ENDED;2000.00;6600.00;30;Восточные;[]
37481;амулет Скифский;ENDED;350.00;350.00;1;Металлопластика античная;[]
37482;Наконечники;ENDED;250.00;625.00;11;Металлопластика средневековая,  восточные предметы до 1917г;[]
37483;Полушка 1850 ЕМ;ENDED;120.00;120.00;1;Имперские (Россия);[]
37484;Клевец скифов;ENDED;5000.00;0.00;0;Металлопластика античная;[]
37485;динарий Септимий Север;ENDED;350.00;350.00;1;Античные монеты;[]
37486;Колечко.;ENDED;300.00;300.00;1;Перстни и кольца;[]
37487;Гарда и обоймицы.;ENDED;4500.00;0.00;0;Металлопластика средневековая,  восточные предметы до 1917г;[]
37489;Феодосий;ENDED;350.00;0.00;0;Античные монеты;[]
37491;Амис;ENDED;550.00;1655.00;16;Античные монеты;[]
37492;Колокольчики,обереги-шумелки.;ENDED;700.00;0.00;0;Металлопластика античная;[]
37496;пуговки;ENDED;200.00;200.00;1;Всё по Крымской Войне 1853-1856гг;[]
37497;Гирьки;ENDED;500.00;0.00;0;Металлопластика средневековая,  восточные предметы до 1917г;[]
37498;Фигурка Гермеса;ENDED;35000.00;0.00;0;Металлопластика античная;[]
37499;Нашивки;ENDED;150.00;0.00;0;Металлопластика средневековая,  восточные предметы до 1917г;[]
37500;Крест.;ENDED;3000.00;0.00;0;Металлопластика средневековая,  восточные предметы до 1917г;[]
37501;Феодосия;ENDED;50000.00;70100.00;13;Античные монеты;[]
37502;Крым Гирей;ENDED;0.99;1000.00;21;Восточные;[]
37503;Акче Бахадур Гирея;ENDED;200.00;0.00;0;Восточные;[]
37504;Перстень;ENDED;600.00;600.00;1;Перстни и кольца;[]
37505;Орт Сигизмунда III 1624 г;ENDED;1000.00;1000.00;1;Средневековые (Европа);[]
37506;Жетоны 1917 и 1914 гг;ENDED;1000.00;0.00;0;Металлопластика средневековая,  восточные предметы до 1917г;[]
37507;Всадник. Ильханы;ENDED;1000.00;0.00;0;Восточные;[]
37508;39 полк РИА;ENDED;350.00;400.00;3;Всё по Крымской Войне 1853-1856гг;[]
37510;Рим;ENDED;400.00;400.00;1;Античные монеты;[]
37511;части под востоновление.;ENDED;200.00;0.00;0;Всё по Крымской Войне 1853-1856гг;[]
37512;имп.  Валериан 1  253-260 н.э.;ENDED;800.00;800.00;1;Античные монеты;[]
37513;Требониан Галл  251-253 н.э;ENDED;400.00;400.00;1;Античные монеты;[]
37514;Перстень. Сердолик;ENDED;500.00;1500.00;14;Перстни и кольца;[]
37515;Мон. Антика;ENDED;500.00;0.00;0;Античные монеты;[]
37516;Денарий Марка Аврелия &#40;Народный Трибун в 33&#41;;ENDED;2000.00;5020.00;25;Античные монеты;[]
37517;Кольцо Лучника;ENDED;2000.00;2750.00;7;Перстни и кольца;[]
37518;6 крейцеров Леопольд 1 Священная Римская империя.;ENDED;700.00;0.00;0;Средневековые (Европа);[]
37519;500 рублей 1919;ENDED;400.00;0.00;0;Боны (облигации, ценные бумаги);[]
37520;монеты;ENDED;50.00;0.00;0;Россия и СССР;[]
37522;Крест;ENDED;1000.00;0.00;0;Христианская металлопластика 14-19вв;[]
37523;солонка с ложкой СССР - мельхиор Горячая Эмаль;ENDED;1250.00;0.00;0;Произведения декоративно-прикладного искусства;[]
37524;Бешлыки КХ;ENDED;300.00;0.00;0;Восточные;[]
37525;Монета Востока подражание;ENDED;300.00;0.00;0;Восточные;[]
37526;Монета Востока;ENDED;200.00;0.00;0;Восточные;[]
37527;Акче Мехмеда 1-го 922 г.х;ENDED;250.00;0.00;0;Восточные;[]
37528;Перечекан;ENDED;200.00;200.00;1;Восточные;[]
37529;Подражание пулу Джанибека с орлом;ENDED;300.00;0.00;0;Восточные;[]
37530;Мангир Мехмеда Челеби;ENDED;300.00;0.00;0;Восточные;[]
37531;Советы;ENDED;300.00;0.00;0;Россия и СССР;[]
37532;Бешлык Шахин Гирея;ENDED;300.00;0.00;0;Восточные;[]
37533;Монета Востока;ENDED;200.00;200.00;1;Восточные;[]
37534;	Саадат Гирей III бен Крым 1102гх. Бешлык.;ENDED;1000.00;2400.00;10;Восточные;[]
37535;Акче Адиль Гирея;ENDED;350.00;360.00;2;Восточные;[]
37536;Гази Гирей III бен Селим Гирей 1116гх, бешлык;ENDED;450.00;450.00;1;Восточные;[]
37537;Каплан Гирей I бен Селим Гирей, 2 пр;ENDED;500.00;600.00;5;Восточные;[]
37538;Акче, Селим Гирей I бен Бахадур Гирей, 4 правление 1114гх;ENDED;1000.00;1500.00;3;Восточные;[]
37539;Акче, Саадат Гирей IV бен Селим Гирей;ENDED;700.00;0.00;0;Восточные;[]
37540;Бешлык, Саадат Гирей IV бен Селим Гирей;ENDED;600.00;0.00;0;Восточные;[]
37541;Открытка с Кубы.;ENDED;100.00;100.00;1;Остальное;[]
37542;Пол копейки Шахин Гирея &#40;6 год правления&#41;;ENDED;800.00;0.00;0;Восточные;[]
37543;Железный колчанный крюк &#40;скифы-сарматы&#41;;ENDED;300.00;0.00;0;Металлопластика античная;[]
37544;Железный арбалетный наконечник;ENDED;500.00;500.00;1;Металлопластика средневековая,  восточные предметы до 1917г;[]
37545;Бешлыки Шахин Гирея &#40;24 шт.&#41;;ENDED;300.00;0.00;0;Восточные;[]
37546;Лот колец &#40;1&#41;;ENDED;300.00;300.00;1;Перстни и кольца;[]
37547;Лот колец &#40;2&#41;;ENDED;300.00;300.00;1;Перстни и кольца;[]
37548;Лот колец &#40;3&#41;;ENDED;250.00;0.00;0;Перстни и кольца;[]
37549;2 копейки 1758 года;ENDED;400.00;0.00;0;Имперские (Россия);[]
37550;Полушка 1731 года;ENDED;350.00;0.00;0;Имперские (Россия);[]
37551;Полушка 1768 года;ENDED;300.00;0.00;0;Имперские (Россия);[]
37553;Полушка 1734 года;ENDED;270.00;0.00;0;Имперские (Россия);[]
37554;Копейка 1801 года;ENDED;320.00;0.00;0;Имперские (Россия);[]
37555;2 монеты;ENDED;300.00;0.00;0;Имперские (Россия);[]
37556;50 коп 2;ENDED;350.00;350.00;1;Россия и СССР;[]
37557;Монеты;ENDED;450.00;0.00;0;Имперские (Россия);[]
37558;Аспр с инициалами Миланского герцога  Кафаа;ENDED;200.00;525.00;11;Восточные;[]
37559;Мурад Гирей + бонус;ENDED;200.00;325.00;9;Восточные;[]
37563;Крестики серебро+бонус.;ENDED;500.00;0.00;0;Христианская металлопластика 14-19вв;[]
37564;Клевец скифов;ENDED;4000.00;0.00;0;Металлопластика античная;[]
37565;Открытка с Кубы. № 2.;ENDED;100.00;0.00;0;Остальное;[]
37566;Беспроводные наушники.;ENDED;2000.00;0.00;0;Разное (трудноопределимые предметы и фрагменты);[]
37567;колечко и 2 щитка.;ENDED;500.00;900.00;17;Перстни и кольца;[]
37568;Перстень.;ENDED;500.00;500.00;1;Перстни и кольца;[]
37569;Копейка Ш.Г.;ENDED;1500.00;1500.00;1;Восточные;[]
37570;бешлыки Ш.Г.;ENDED;300.00;0.00;0;Восточные;[]
37571;Редкая пуговица сергеевь;ENDED;300.00;0.00;0;Филобутонистика (пуговицы, пряжки);[]
37572;Империя 1;ENDED;100.00;0.00;0;Имперские (Россия);[]
37573;Бешлык Девлет Гирея 2-го, 1111 год.;ENDED;500.00;700.00;8;Восточные;[]
37574;Бешлык Менгли Гирея, 1137 год.;ENDED;400.00;400.00;1;Восточные;[]
37576;Бешлык Селямет Гирея 2-го, 1152 год.;ENDED;400.00;400.00;1;Восточные;[]
37577;Бешлык Фатх Гирея 2-го, 1149 год.;ENDED;500.00;500.00;1;Восточные;[]
37578;акче Селямет Гирея 1-го, 1017 год.;ENDED;300.00;300.00;1;Восточные;[]
37579;Наконечники стрел;ENDED;350.00;0.00;0;Металлопластика античная;[]
37580;Тренчики накладки с пояса КХ;ENDED;300.00;0.00;0;Металлопластика средневековая,  восточные предметы до 1917г;[]
37581;Украшения КХ серебро;ENDED;300.00;0.00;0;Металлопластика средневековая,  восточные предметы до 1917г;[]
37582;Франция. 73-й полк;ENDED;100.00;105.00;2;Всё по Крымской Войне 1853-1856гг;[]
37583;Франция. 16-й полк;ENDED;100.00;100.00;1;Всё по Крымской Войне 1853-1856гг;[]
37584;Франция. 47-й полк;ENDED;100.00;120.00;5;Всё по Крымской Войне 1853-1856гг;[]
37585;Франция. 19-й полк;ENDED;100.00;100.00;1;Всё по Крымской Войне 1853-1856гг;[]
37587;Франция. 9-й полк;ENDED;100.00;110.00;3;Всё по Крымской Войне 1853-1856гг;[]
37589;Франция. 17-й полк;ENDED;100.00;100.00;1;Всё по Крымской Войне 1853-1856гг;[]
37590;Франция. 87-й полк;ENDED;100.00;305.00;17;Всё по Крымской Войне 1853-1856гг;[]
37591;Франция. 63-й полк;ENDED;100.00;100.00;1;Всё по Крымской Войне 1853-1856гг;[]
37592;Франция. 92-й полк;ENDED;100.00;146.00;11;Всё по Крымской Войне 1853-1856гг;[]
37593;Франция. 50-й полк;ENDED;100.00;100.00;1;Всё по Крымской Войне 1853-1856гг;[]
37595;Франция. 28-й полк;ENDED;100.00;110.00;3;Всё по Крымской Войне 1853-1856гг;[]
37597;Франция. 38-й полк;ENDED;100.00;300.00;8;Всё по Крымской Войне 1853-1856гг;[]
37598;Монеты востока 161 штука серебро;ENDED;5000.00;0.00;0;Восточные;[]
37599;Франция. 30-й полк;ENDED;100.00;100.00;1;Всё по Крымской Войне 1853-1856гг;[]
37602;Франция. 3-й полк;ENDED;100.00;100.00;1;Всё по Крымской Войне 1853-1856гг;[]
37603;Франция. 31-й полк;ENDED;100.00;100.00;1;Всё по Крымской Войне 1853-1856гг;[]
37604;Франция. 88-й полк;ENDED;100.00;100.00;1;Всё по Крымской Войне 1853-1856гг;[]
37605;Фоллис Константа II;ENDED;500.00;1100.00;6;Античные монеты;[]
37606;Франция. 82-й полк;ENDED;100.00;351.00;9;Всё по Крымской Войне 1853-1856гг;[]
37608;Франция. 29-й полк;ENDED;100.00;100.00;1;Всё по Крымской Войне 1853-1856гг;[]
37609;Франция. 52-й полк;ENDED;100.00;135.00;8;Всё по Крымской Войне 1853-1856гг;[]
37610;Франция. 74-й полк;ENDED;100.00;100.00;1;Всё по Крымской Войне 1853-1856гг;[]
37611;Франция. 36-й полк;ENDED;100.00;100.00;1;Всё по Крымской Войне 1853-1856гг;[]
37612;Франция. 15-й полк;ENDED;100.00;130.00;8;Всё по Крымской Войне 1853-1856гг;[]
37614;Франция. 32-й полк;ENDED;100.00;100.00;1;Всё по Крымской Войне 1853-1856гг;[]
37615;Франция. 8-й полк;ENDED;100.00;100.00;1;Всё по Крымской Войне 1853-1856гг;[]
37616;Монеты Н-1 серебром уставшие;ENDED;200.00;0.00;0;Имперские (Россия);[]
37617;Империя 2;ENDED;100.00;0.00;0;Имперские (Россия);[]
37618;Империя 3;ENDED;100.00;0.00;0;Имперские (Россия);[]
37619;Империя 4;ENDED;100.00;0.00;0;Имперские (Россия);[]
37620;Империя 5;ENDED;100.00;0.00;0;Имперские (Россия);[]
37621;Империя 6;ENDED;100.00;0.00;0;Имперские (Россия);[]
37622;Империя 7;ENDED;100.00;0.00;0;Имперские (Россия);[]
37623;Империя 8;ENDED;100.00;0.00;0;Имперские (Россия);[]
37625; Мехмед Гирей 4, 2 пр;ENDED;50.00;0.00;0;Восточные;[]
37626;Империя 10;ENDED;100.00;875.00;13;Имперские (Россия);[]
37627;Империя 11;ENDED;100.00;0.00;0;Имперские (Россия);[]
37629;Империя 13;ENDED;100.00;0.00;0;Имперские (Россия);[]
37630;Империя 14;ENDED;100.00;0.00;0;Имперские (Россия);[]
37631;Империя 15;ENDED;100.00;0.00;0;Имперские (Россия);[]
37633;Империя 16;ENDED;100.00;0.00;0;Имперские (Россия);[]
37634;Империя 17;ENDED;100.00;0.00;0;Имперские (Россия);[]
37635;колечко и щитки;ENDED;150.00;0.00;0;Перстни и кольца;[]
37636;колечко;ENDED;150.00;150.00;1;Перстни и кольца;[]
37637;крестики;ENDED;400.00;0.00;0;Христианская металлопластика 14-19вв;[]
37638;Лот царских монеточек;ENDED;450.00;0.00;0;Имперские (Россия);[]
37639;Сельджуки;ENDED;1000.00;0.00;0;Восточные;[]
37640;пуговица ВМФ Колумбии;ENDED;300.00;0.00;0;Филобутонистика (пуговицы, пряжки);[]
37641;Амис.;ENDED;500.00;0.00;0;Античные монеты;[]
37642;Ключ-Рим.;ENDED;1000.00;0.00;0;Металлопластика античная;[]
37643;Роман I &#40; 920 - 944 &#41;;ENDED;700.00;0.00;0;Античные монеты;[]
37644;Василий I &#40; 867 - 886 &#41;;ENDED;700.00;0.00;0;Античные монеты;[]
37645;Узбек;ENDED;100.00;135.00;6;Восточные;[]
37646;Татарский топилик.;ENDED;2000.00;2000.00;1;Металлопластика средневековая,  восточные предметы до 1917г;[]
37647;Кара Бешлык Шахин Гирея.Ошибка в дате &#40;3 год&#41;;ENDED;300.00;0.00;0;Восточные;[]
37648;Подстаканики СССР клейма.;ENDED;3100.00;0.00;0;Произведения декоративно-прикладного искусства;[]
37649;Пряжки конец 19-20 век;ENDED;350.00;0.00;0;Христианская металлопластика 14-19вв;[]
37652;Ранний пул орды;ENDED;100.00;0.00;0;Восточные;[]
37653;3коп 1928;ENDED;100.00;0.00;0;Россия и СССР;[]
37657;Пряжка . Серьга и другое.;ENDED;300.00;450.00;13;Металлопластика средневековая,  восточные предметы до 1917г;[]
37658;Амулет лук или крепление Акинака?;ENDED;300.00;560.00;6;Металлопластика античная;[]
37660;Бешлык Османского султана Ахмеда 1-го.;ENDED;300.00;410.00;6;Восточные;[]
37661;5 пулов с животными;ENDED;200.00;200.00;1;Восточные;[]
37662;Крымский пул М53 \&quot;Лев среди звезд\&quot;;ENDED;1500.00;0.00;0;Восточные;[]
37663;фолларо Кафы 4шт;ENDED;1000.00;1000.00;1;Восточные;[]
37664;Перечеканы 2шт;ENDED;1000.00;1000.00;1;Восточные;[]
37665;Крымский именной пул хана Узбека.;ENDED;500.00;0.00;0;Восточные;[]
37666;птички м.д. Азака; времени хана Токты м.д. Крым; м.д. Сарая 726 год;ENDED;900.00;900.00;1;Восточные;[]
37667;Пулы с животными;ENDED;500.00;845.00;12;Восточные;[]
37668; Псалии \&quot;копытце\&quot; Киммерийцы;ENDED;199.00;0.00;0;Металлопластика античная;[]
37669;52 полк Франции;ENDED;150.00;0.00;0;Всё по Крымской Войне 1853-1856гг;[]
37671;Кошель два хана Абдаллаха  и Шехр ал-Джадид.;ENDED;300.00;0.00;0;Восточные;[]
37672;41 полк Франции;ENDED;300.00;681.00;9;Всё по Крымской Войне 1853-1856гг;[]
37673;Херсонес,дупондий 138-161г.н.э;ENDED;500.00;1600.00;9;Античные монеты;[]
37674;Лимесный денарий Адриана 117-138;ENDED;300.00;0.00;0;Античные монеты;[]
37675;Денарий С.Север;ENDED;2000.00;2000.00;1;Античные монеты;[]
37676;Драхма Иллирия;ENDED;2500.00;0.00;0;Античные монеты;[]
37677;Пул с птицей;ENDED;300.00;0.00;0;Восточные;[]
37678;Пул Всадник стреляющий вперед;ENDED;350.00;350.00;1;Восточные;[]
37679;Биллон;ENDED;350.00;0.00;0;Россия и СССР;[]
37680;Акче Хаджи Гирея , 845 г.х Крым;ENDED;500.00;0.00;0;Восточные;[]
37681;Тимур Кутлуг 799 г.х, Крым;ENDED;0.99;0.00;0;Восточные;[]
37682;Бешлык Саадат бен Крым;ENDED;700.00;700.00;1;Восточные;[]
37683;Жетоны.;ENDED;200.00;200.00;1;Металлопластика средневековая,  восточные предметы до 1917г;[]
37684;крупный нак&#40;графити&#41;;ENDED;600.00;725.00;7;Металлопластика античная;[]
37685;Пентонумий.Юстиниан-1;ENDED;150.00;0.00;0;Античные монеты;[]
37686;Копоушка крестовключение;ENDED;1000.00;0.00;0;Металлопластика средневековая,  восточные предметы до 1917г;[]
37687;Кипр 2014;ENDED;800.00;0.00;0;Монеты мира (современные);[]
37688;Ольвия Дельфины;ENDED;400.00;410.00;2;Античные монеты;[]
37689;Фолис Лициния;ENDED;0.99;0.00;0;Античные монеты;[]
37690;Лев-1;ENDED;100.00;0.00;0;Античные монеты;[]
37691;имЗенон.;ENDED;150.00;0.00;0;Античные монеты;[]
37692;копейка 1613 москва;ENDED;30.00;0.00;0;Имперские (Россия);[]
37693;5 копеек Т.М.1788г;ENDED;18500.00;18500.00;1;Имперские (Россия);[]
37694;Копейка Шахин Гирея, 4 год;ENDED;100.00;3700.00;7;Восточные;[]
37695;20 копеек 1871;ENDED;30.00;30.00;1;Имперские (Россия);[]
37696;Кольцо с регулировкой;ENDED;300.00;0.00;0;Перстни и кольца;[]
37697;Обол с Зевсом и орлом на разряде молнии;ENDED;4399.00;4400.00;1;Античные монеты;[]
37698;Монета востока;ENDED;100.00;0.00;0;Восточные;[]
37699;250 рублей 1917 года;ENDED;250.00;0.00;0;Боны (облигации, ценные бумаги);[]
37700;амулет-подвеска;ENDED;5000.00;0.00;0;Христианская металлопластика 14-19вв;[]
37701;3 копейки 1933 года;ENDED;150.00;0.00;0;Россия и СССР;[]
37702;3 копейки 1934 года;ENDED;200.00;0.00;0;Россия и СССР;[]
37703;3 копейки 1935;ENDED;100.00;0.00;0;Россия и СССР;[]
37704;5 копеек 1936 года;ENDED;350.00;0.00;0;Россия и СССР;[]
37705;5 копеек 1941 года;ENDED;300.00;0.00;0;Россия и СССР;[]
37706;5 копеек 1883 СПБ-АГ РЕДКАЯ!;ENDED;3000.00;0.00;0;Имперские (Россия);[]
37708;Топоры;ENDED;3000.00;0.00;0;Металлопластика средневековая,  восточные предметы до 1917г;[]
37709;Кусок ленты;ENDED;100.00;100.00;1;Христианская металлопластика 14-19вв;[]
37710;Амулет рыська;ENDED;3000.00;0.00;0;Металлопластика античная;[]
37711;Пряжки;ENDED;350.00;13000.00;52;Металлопластика средневековая,  восточные предметы до 1917г;[]
37713;Херсонес лепта лев звезда;ENDED;4000.00;4000.00;1;Античные монеты;[]
37715;Токтамыш белед Крым;ENDED;200.00;0.00;0;Восточные;[]
37716;Токтамыш Азак аль-Махруса;ENDED;500.00;0.00;0;Восточные;[]
37717;Токтамыш СаД 782;ENDED;200.00;0.00;0;Восточные;[]
37718;Перстень. Орда;ENDED;1000.00;1100.00;2;Перстни и кольца;[]
37719;Перстень К.Х.;ENDED;500.00;500.00;1;Перстни и кольца;[]
37720;Перстень с крестом;ENDED;300.00;300.00;1;Перстни и кольца;[]
37721;скифский амулет птичка.;ENDED;300.00;0.00;0;Металлопластика античная;[]
37722;Пуговка № 5.Сардиния.Линейная пехота.;ENDED;750.00;0.00;0;Всё по Крымской Войне 1853-1856гг;[]
37723;Пуговка № 16.Сардиния.Линейная пехота.;ENDED;750.00;0.00;0;Всё по Крымской Войне 1853-1856гг;[]
37724;Офицерская пуговка № 19.Франция.Линейная пехота.;ENDED;750.00;0.00;0;Всё по Крымской Войне 1853-1856гг;[]
37725;Пуговка Инженеры.Франция.;ENDED;400.00;0.00;0;Всё по Крымской Войне 1853-1856гг;[]
37726;Сардиния Офицер артиллерии.;ENDED;1500.00;1500.00;1;Всё по Крымской Войне 1853-1856гг;[]
37728;Зуавский значек с прочисткой для порохового канала.;ENDED;1500.00;0.00;0;Всё по Крымской Войне 1853-1856гг;[]
37730;Фрагмент англ.крышки с сюжетом.;ENDED;700.00;0.00;0;Всё по Крымской Войне 1853-1856гг;[]
37731;Офицерский подвес от ХО.;ENDED;350.00;0.00;0;Всё по Крымской Войне 1853-1856гг;[]
37732;Свинцовый Роман 4???;ENDED;2000.00;0.00;0;Античные монеты;[]
37733;Константин Багрянородный;ENDED;1500.00;0.00;0;Античные монеты;[]
37734;Перстень периода Золотой Орды;ENDED;600.00;0.00;0;Перстни и кольца;[]
37735;Роман 1.;ENDED;500.00;0.00;0;Античные монеты;[]
37736;Василий 1.;ENDED;500.00;0.00;0;Античные монеты;[]
37737;Литые монеты средневекового Херсона.;ENDED;500.00;0.00;0;Античные монеты;[]
37738;Пулы Золотой Орды;ENDED;300.00;0.00;0;Восточные;[]
37740;  Бешлык Менгли Гирея 2-го, 1-ое правление, 1137 год, Бахчисарай.;ENDED;400.00;400.00;1;Восточные;[]
37741;  Бешлык Фатха 2-го, 1149 год, Бахчисарай.;ENDED;500.00;500.00;1;Восточные;[]
37743;2 копейки 1930&#40;брак&#41;;ENDED;0.99;0.00;0;Россия и СССР;[]
37744;акче Саадат Гирея 1-го, 929 год, Кафа. Редкий вариант.;ENDED;500.00;500.00;1;Восточные;[]
37745;Наконечник;ENDED;250.00;250.00;1;Металлопластика античная;[]
37746;Наперстки;ENDED;100.00;105.00;2;Металлопластика средневековая,  восточные предметы до 1917г;[]
37747;Значек;ENDED;2000.00;0.00;0;Фалеристика СССР;[]
37748;Античная металлопластика.;ENDED;500.00;0.00;0;Металлопластика античная;[]
37749;от З.О до 1917.;ENDED;350.00;0.00;0;Металлопластика средневековая,  восточные предметы до 1917г;[]
37750;Заколка-Булавка;ENDED;200.00;0.00;0;Металлопластика средневековая,  восточные предметы до 1917г;[]
37751;Серёжка кк4 875проба;ENDED;100.00;0.00;0;Столовое серебро, ювелирные изделия (из драгметаллов);[]
37752;Лот царизма;ENDED;250.00;311.00;8;Имперские (Россия);[]
37753;50копеек.1912г. Николай\\/;ENDED;1500.00;1500.00;1;Имперские (Россия);[]
37754;Токта;ENDED;600.00;625.00;2;Восточные;[]
37755;Фоллис Иераклия;ENDED;700.00;1400.00;7;Античные монеты;[]
37756;79-й &#40;Шотландские горцы Камерона&#41; пехотный полк;ENDED;1500.00;1500.00;1;Всё по Крымской Войне 1853-1856гг;[]
37757;Комплекс, Джанибек Герей;ENDED;2000.00;2000.00;1;Восточные;[]
37758;53 монеты Востока;ENDED;400.00;400.00;1;Восточные;[]
37759;Сестерций;ENDED;300.00;300.00;1;Античные монеты;[]
37760;ТРИ БРОШЮРЫ.;ENDED;300.00;0.00;0;Остальное;[]
37761;ОТКРЫТКИ - 1939 г.;ENDED;100.00;0.00;0;Остальное;[]
37762;Бронебой;ENDED;250.00;0.00;0;Металлопластика античная;[]
37763;монеты СССР;ENDED;300.00;0.00;0;Россия и СССР;[]
37764;Лот колец &#40;2&#41;;ENDED;300.00;0.00;0;Перстни и кольца;[]
37765;Площадки перстней;ENDED;900.00;1100.00;4;Перстни и кольца;[]
37766;Ствол пистоля.;ENDED;1000.99;0.00;0;Всё по Крымской Войне 1853-1856гг;[]
37767;Лента за отличие.;ENDED;10000.99;0.00;0;Всё по Крымской Войне 1853-1856гг;[]
37768;Бешлык Адиль Гирея, 1076 год, Бахчисарай;ENDED;200.00;200.00;1;Восточные;[]
37769;Акче Михмед Гирей-4;ENDED;120.00;0.00;0;Восточные;[]
37771;украшения К.Х.;ENDED;300.00;0.00;0;Металлопластика средневековая,  восточные предметы до 1917г;[]
37772;украшения К.Х.2;ENDED;400.00;0.00;0;Металлопластика средневековая,  восточные предметы до 1917г;[]
37773;лот колец;ENDED;300.00;0.00;0;Перстни и кольца;[]
37774;лот колец 2;ENDED;200.00;0.00;0;Перстни и кольца;[]
37775;лот колец 3;ENDED;300.00;0.00;0;Перстни и кольца;[]
37776;перстень 1;ENDED;100.00;100.00;1;Перстни и кольца;[]
37777;пара колец;ENDED;500.00;0.00;0;Перстни и кольца;[]
37778;перстень 2;ENDED;100.00;0.00;0;Перстни и кольца;[]
37779;перстень 3;ENDED;100.00;0.00;0;Перстни и кольца;[]
37780;ременные накладки 1;ENDED;500.00;500.00;1;Металлопластика средневековая,  восточные предметы до 1917г;[]
37781;ременные накладки 2;ENDED;300.00;0.00;0;Металлопластика средневековая,  восточные предметы до 1917г;[]
37782;застёжки;ENDED;300.00;0.00;0;Металлопластика средневековая,  восточные предметы до 1917г;[]
37783;90+ Золотая орда;ENDED;1000.00;1000.00;1;Восточные;[]
37784;Колечко спаси и сохрани;ENDED;100.00;0.00;0;Столовое серебро, ювелирные изделия (из драгметаллов);[]
37785;Крестик 925проба;ENDED;100.00;0.00;0;Столовое серебро, ювелирные изделия (из драгметаллов);[]
37788;Фоллис Констант II - 2;ENDED;500.00;1300.00;10;Античные монеты;[]
37789;Пуговицы 30-шт.;ENDED;900.00;0.00;0;Филобутонистика (пуговицы, пряжки);[]
37790;Фоллис Иераклия - 2;ENDED;700.00;1100.00;5;Античные монеты;[]
37791;Кольца;ENDED;700.00;0.00;0;Перстни и кольца;[]
37792;Украшение;ENDED;500.00;0.00;0;Металлопластика средневековая,  восточные предметы до 1917г;[]
37793;Металлопластика;ENDED;1499.00;0.00;0;Металлопластика средневековая,  восточные предметы до 1917г;[]
37794;Монеты Крым ханство;ENDED;220.00;0.00;0;Восточные;[]
37795;Франция. ВМФ;ENDED;250.00;0.00;0;Всё по Крымской Войне 1853-1856гг;[]
37797;Франция. 2-й полк Иностранного легиона;ENDED;200.00;0.00;0;Всё по Крымской Войне 1853-1856гг;[]
37801;три бешлыка;ENDED;400.00;465.00;4;Восточные;[]
37802;Наконечники.;ENDED;500.00;0.00;0;Металлопластика античная;[]
37803;Крым Гирей;ENDED;500.00;575.00;3;Восточные;[]
37804;Монета Востока;ENDED;250.00;0.00;0;Восточные;[]
37805;6 пулов З.О.;ENDED;400.00;0.00;0;Восточные;[]
37806;6 пулов З.О.;ENDED;400.00;473.00;6;Восточные;[]
37807;Наконечник Кимериейский;ENDED;1500.00;2000.00;6;Металлопластика античная;[]
37808;Перстень Византия 8-9 век.;ENDED;5000.00;0.00;0;Металлопластика античная;[]
37810;Херсонес,тетрассарий Юлия Домна.;ENDED;800.00;0.00;0;Античные монеты;[]
37811;Крест нательный 1;ENDED;100.00;0.00;0;Христианская металлопластика 14-19вв;[]
37812;Крест нательный 2;ENDED;100.00;0.00;0;Христианская металлопластика 14-19вв;[]
37813;Крест нательный 3;ENDED;100.00;0.00;0;Христианская металлопластика 14-19вв;[]
37814;Крест нательный 4;ENDED;100.00;0.00;0;Христианская металлопластика 14-19вв;[]
37815;Крест нательный 5;ENDED;150.00;0.00;0;Христианская металлопластика 14-19вв;[]
37816;Крест нательный 6;ENDED;100.00;0.00;0;Христианская металлопластика 14-19вв;[]
37817;Крест нательный 7;ENDED;50.00;0.00;0;Христианская металлопластика 14-19вв;[]
37818;лот Востока;ENDED;1000.00;0.00;0;Восточные;[]
37819;2 копейки 1899;ENDED;20.00;0.00;0;Имперские (Россия);[]
37820;Полтина 1774;ENDED;100.00;105.00;2;Имперские (Россия);[]
37822;пряжка 7 век.серебро.;ENDED;3000.00;0.00;0;Металлопластика средневековая,  восточные предметы до 1917г;[]
37823;Перстень;ENDED;499.00;0.00;0;Перстни и кольца;[]
37824;крупный Фоллис &#40;1034 - 1041&#41;;ENDED;1000.00;1000.00;1;Античные монеты;[]
37825;Кутлуг Булсун;ENDED;500.00;0.00;0;Восточные;[]
37826;5коп 1859г;ENDED;1000.00;0.00;0;Имперские (Россия);[]
37827;3коп 1869г;ENDED;500.00;0.00;0;Имперские (Россия);[]
37828;Гема от колечка;ENDED;13000.00;0.00;0;Металлопластика античная;[]
37829;перстень с камнем;ENDED;2500.00;0.00;0;Перстни и кольца;[]
37830;серебренный трикветр средневековый;ENDED;1500.00;0.00;0;Христианская металлопластика 14-19вв;[]
37831;кресало;ENDED;450.00;450.00;1;Металлопластика средневековая,  восточные предметы до 1917г;[]
37832;Константин IX Мономах;ENDED;1000.00;1200.00;3;Античные монеты;[]
37833;Гемидрахма ПАNTI;ENDED;0.99;15100.00;8;Античные монеты;[]
37834;Наконечник скифской  архаики 7-6 г. до н.э.;ENDED;200.00;260.00;5;Металлопластика античная;[]
37835;53 полк РИА;ENDED;800.00;0.00;0;Всё по Крымской Войне 1853-1856гг;[]
37836;Денарий Антонин Пий &#40;138—161 гг.&#41;;ENDED;1000.00;0.00;0;Античные монеты;[]
37837;Константин и Евдокия с крестограммой;ENDED;1500.00;0.00;0;Античные монеты;[]
37838;Акче Мурад Гир.;ENDED;500.00;500.00;1;Восточные;[]
37840;Акче и бешлык Девлет Гир;ENDED;600.00;600.00;1;Восточные;[]
37841;Бешлык, Сафа Гир.;ENDED;600.00;0.00;0;Восточные;[]
37843;Бешлык. Мехмед Гирей IV;ENDED;500.00;0.00;0;Восточные;[]
37844;Складной фунт;ENDED;2000.00;0.00;0;Металлопластика средневековая,  восточные предметы до 1917г;[]
37845;Херсонес тетрассарий;ENDED;100.00;2000.00;12;Античные монеты;[]
37846;декануммий Юстиниана;ENDED;300.00;0.00;0;Античные монеты;[]
37847;Херсонес ,Александр Север;ENDED;100.00;6100.00;16;Античные монеты;[]
37848;Бешлык. Саадат Гир.;ENDED;450.00;0.00;0;Восточные;[]
37849;Лот по Крымской;ENDED;500.00;0.00;0;Всё по Крымской Войне 1853-1856гг;[]
37850;Лот пуговиц по Крымской;ENDED;1000.00;1100.00;2;Всё по Крымской Войне 1853-1856гг;[]
37851;Джанибек, Сарай ал-Джадид;ENDED;250.00;0.00;0;Восточные;[]
37852;Бешлык Фатх Гирея 2-го, 1149 год.;ENDED;500.00;0.00;0;Восточные;[]
37853;  Бешлык Менгли Гирея 2-го, 1-ое правление, 1137 год, Бахчисарай.;ENDED;400.00;0.00;0;Восточные;[]
37854;Бешлык Селямет Гирея 2-го, 1152 год.;ENDED;400.00;0.00;0;Восточные;[]
37855;бешлык Каплан Гирея 1-го, 1-ое правление 1119 год, Бахчисарай.;ENDED;500.00;0.00;0;Восточные;[]
37856;бешлык Селим Гирея 1-го, 1-ое правление 1082 год.;ENDED;400.00;0.00;0;Восточные;[]
37857;бешлык Каплан Гирея 1-го, 2-ое правление 1125 год, Бахчисарай.;ENDED;400.00;0.00;0;Восточные;[]
37858;бешлык Каплан Гирея 1-го, 3-е правление 1143 год, Бахчисарай;ENDED;400.00;0.00;0;Восточные;[]
37859;акче Гази 2-го, 996 год, Ханлык Крыма.;ENDED;300.00;0.00;0;Восточные;[]
37860;Курдючный баран СаД перечекан;ENDED;250.00;250.00;1;Восточные;[]
37861;Аспр.Хаджи Гирея.;ENDED;1500.00;2100.00;3;Восточные;[]
37862;Пол фоллиса;ENDED;600.00;0.00;0;Античные монеты;[]
37863;Пряжка.;ENDED;250.00;250.00;1;Металлопластика средневековая,  восточные предметы до 1917г;[]
37864;пул чекан Крыма;ENDED;300.00;310.00;2;Восточные;[]
37865;Дореформа.;ENDED;100.00;0.00;0;Россия и СССР;[]
37866;кресало 5шт,интересные;ENDED;1000.00;0.00;0;Металлопластика средневековая,  восточные предметы до 1917г;[]
37867;18 наконечников стрел Железо&#41;разные;ENDED;1800.00;0.00;0;Металлопластика средневековая,  восточные предметы до 1917г;[]
;25 копеек 1839 год;ENDED;20000.00;19400.00;1;;["https://s3.tavridalot.ru/auction-images/users/evdi2oame85y/6215f2c0-3de0-455e-a1ce-6601ef0a919d/1000090863.jpg", "https://s3.tavridalot.ru/auction-images/users/evdi2oame85y/7e68488d-7f79-435f-a7bb-ee030fb19343/1000090864.jpg"]
;Рим, денарий, император Элагабал;ENDED;1000.00;1100.00;1;;["https://s3.tavridalot.ru/auction-images/users/evdi2oame85y/a3894684-341d-479f-a8f4-675d2aa61e74/1000092071.jpg", "https://s3.tavridalot.ru/auction-images/users/evdi2oame85y/641faf36-d457-4c4b-95d1-72f088de7b31/1000092072.jpg"]
;Да, заебись, Андрей, модно разве что увеличить на пару пикслей;ENDED;1000.00;1000.00;0;;["https://s3.tavridalot.ru/auction-images/users/yerydvz6vghw/9da6ee7d-4656-4b1d-93f2-f51f9b0a58bf/1000017546.jpg", "https://s3.tavridalot.ru/auction-images/users/yerydvz6vghw/f69e2fd1-fc75-406c-af8d-f579f3d904d2/1000017548.jpg"]
;Карта;ENDED;1000.00;120000000.00;2;;["https://s3.tavridalot.ru/auction-images/users/jc8lhrotc9ng/57244ab9-fd87-47fe-bb46-69ae2e32d10b/_ _ _ _ _ _ 1833 _.jpg"]
;Дупондий Херсонес;ENDED;4000.00;4500.00;2;;["https://s3.tavridalot.ru/auction-images/users/evdi2oame85y/5acb4a89-5b38-4b1f-9528-2d4a92729074/1000091043.jpg", "https://s3.tavridalot.ru/auction-images/users/evdi2oame85y/37b2267c-d110-455b-b268-5b95434f9a38/1000091042.jpg"]
;Монета пока не понятная, скорее всего пул золотой орды;ENDED;1000.00;1000.00;0;;[]
;Залупа;ENDED;1000.00;1100.00;1;;["https://s3.tavridalot.ru/auction-images/users/87ghvdnztka3/345f0b2d-a697-4310-950d-55020390c83e/1000017593.jpg"]
;Кельт;ENDED;10000.00;6200.00;0;;["https://s3.tavridalot.ru/auction-images/users/yerydvz6vghw/2153ef44-1801-436f-8d41-fd0e67532b48/WhatsApp Image 2025-08-10 at 10.06.43.jpg", "https://s3.tavridalot.ru/auction-images/users/yerydvz6vghw/8cb12530-1344-45d2-abef-7d72d27ff4c6/WhatsApp Image 2025-08-10 at 10.06.43 (1).jpg", "https://s3.tavridalot.ru/auction-images/users/yerydvz6vghw/a506bcf1-8be4-48ea-a599-e2282d78a60d/WhatsApp Image 2025-08-10 at 10.06.43 (2).jpg"]
;Коллекция наконечников;ENDED;10000.00;10100.00;1;;["https://s3.tavridalot.ru/auction-images/users/yerydvz6vghw/4f5c8333-3467-40ac-9dc3-fd9d7bf01adf/1000017312.jpg"]
;Да, хорошо;ENDED;1000.00;1100.00;1;;["https://s3.tavridalot.ru/auction-images/users/yerydvz6vghw/c866b8d4-0b71-4c1e-9231-cd831de423d0/1000017559.jpg"]
;Половина солдатского складня;ENDED;1000.00;1300.00;1;;["https://s3.tavridalot.ru/auction-images/users/yerydvz6vghw/7f867c06-5e7f-4dc9-942b-9b39ad3b7de8/1000017492.jpg", "https://s3.tavridalot.ru/auction-images/users/yerydvz6vghw/44260f6a-20e4-43d3-b342-27e4f4e45e78/1000017489.jpg"]
;Монета, Греция;ENDED;50.00;110.00;1;;["https://s3.tavridalot.ru/auction-images/users/30iamlztu7ik/40b8dd6f-4ae2-4135-9bf3-06fa14c891c7/cn_46.jpg", "https://s3.tavridalot.ru/auction-images/users/30iamlztu7ik/4c4b9ad8-afa4-4bb0-99ed-e63b0b6132c2/cn_46.jpg"]
;Монетка 216;ENDED;10.00;40.00;1;;["https://s3.tavridalot.ru/auction-images/users/30iamlztu7ik/a54e02ba-ef1b-41af-a57e-1e5d03a59ba3/cn_216.jpg", "https://s3.tavridalot.ru/auction-images/users/30iamlztu7ik/f046448f-47a2-474d-b72e-536f4cbcdd32/cn_216.jpg"]
;Пул золотой орды;ENDED;10000.00;1000.00;0;;["https://s3.tavridalot.ru/auction-images/users/yerydvz6vghw/741445f4-fdd0-4c9d-8923-8e20d7d4626e/1000017426.jpg", "https://s3.tavridalot.ru/auction-images/users/yerydvz6vghw/aca02d1a-b032-4710-af4d-8f1488bca8e0/1000017430.jpg"]
;Бешлык  Шпххин Гирея;ENDED;1000.00;1000.00;0;;["https://s3.tavridalot.ru/auction-images/users/yerydvz6vghw/f5012bc5-8e6b-451f-ba18-774829cf81a6/1000016282.jpg", "https://s3.tavridalot.ru/auction-images/users/yerydvz6vghw/4faf5a97-81c5-4617-b488-66b0b0c896e2/1000016283.jpg"]
;Подвеска крымское ханство;ENDED;1000.00;1000.00;0;;["https://s3.tavridalot.ru/auction-images/users/yerydvz6vghw/dbefe006-e1f6-4bbd-a864-988570a82900/1000017693.jpg"]
;2 копейки 1930г;ENDED;10.00;10.00;0;;["https://s3.tavridalot.ru/auction-images/users/yerydvz6vghw/abb55652-c6cb-45b6-960e-18e43cb665b4/1000016417.jpg", "https://s3.tavridalot.ru/auction-images/users/yerydvz6vghw/0c33270e-44aa-4fe3-8bed-e8aeb26e3e3a/1000016419.jpg"]
;Пул Золотой орды;ENDED;100.00;150.00;1;;["https://s3.tavridalot.ru/auction-images/users/yerydvz6vghw/da45ed42-462f-4848-adde-f282b5efbe8d/photo_2026-02-10_09-39-29.jpg", "https://s3.tavridalot.ru/auction-images/users/yerydvz6vghw/fc9dbf50-aab2-43b5-8da9-8efdfb905415/photo_2026-02-08_10-25-38.jpg"]
;УАЗ Сервера;ENDED;1000.00;1000.00;0;;["https://s3.tavridalot.ru/auction-images/users/yerydvz6vghw/0b203289-659b-418e-9901-55561a5d607c/1000018020.jpg"]
;Карта полей;ENDED;5000.00;5100.00;1;;["https://s3.tavridalot.ru/auction-images/users/yerydvz6vghw/e0837cf1-ef97-4de0-b25d-d20e49f083ea/1000017721.jpg"]
;Висюлька;ENDED;100.00;100.00;0;;["https://s3.tavridalot.ru/auction-images/users/yerydvz6vghw/3abd2b44-497f-4b73-a1c5-185811ad656c/1000017693.jpg"]
;Половина скланя;ENDED;1000.00;1100.00;1;;["https://s3.tavridalot.ru/auction-images/users/yerydvz6vghw/be9c6438-aca2-47a1-935e-ce356a64365a/1000017557.jpg"]
;Кольцо змея;ENDED;1000.00;1100.00;1;;["https://s3.tavridalot.ru/auction-images/users/yerydvz6vghw/0eb942dd-e4c1-45e4-afa9-acf65eac6628/1000016823.jpg"]
;Акче Саадат 2;ENDED;1000.00;1100.00;1;;[]
;Лот 123;ENDED;1000.00;12400.00;6;;["https://s3.tavridalot.ru/auction-images/users/30iamlztu7ik/18fc4ba3-d4cc-4d9c-a6ca-36dbbd0834cb/ava.jpg"]
